hhdi,add_line1,barangay,city,2112,province,PH,classification,remarks
10001,,APOLLO,ORANI,2113,province,PH,,
10002,,APOLLO,ORANI,2114,province,PH,,
10003,,APOLLO,ORANI,2115,province,PH,,
10004,,APOLLO,ORANI,2116,province,PH,,
10005,,APOLLO,ORANI,2117,province,PH,,
10006,,APOLLO,ORANI,2118,province,PH,,
10007,,APOLLO,ORANI,2119,province,PH,,
10008,,APOLLO,ORANI,2120,province,PH,,
10009,,APOLLO,ORANI,2121,province,PH,,
10010,,APOLLO,ORANI,2122,province,PH,,
10011,,APOLLO,ORANI,2123,province,PH,,
10012,,APOLLO,ORANI,2124,province,PH,,
10013,,APOLLO,ORANI,2125,province,PH,,
10014,,APOLLO,ORANI,2126,province,PH,,
10015,,APOLLO,ORANI,2127,province,PH,,
10016,,APOLLO,ORANI,2128,province,PH,,
10017,,APOLLO,ORANI,2129,province,PH,,
10018,,APOLLO,ORANI,2130,province,PH,,
10019,,APOLLO,ORANI,2131,province,PH,,
10020,,APOLLO,ORANI,2132,province,PH,,
10021,,APOLLO,ORANI,2133,province,PH,,
10022,,APOLLO,ORANI,2134,province,PH,,
10023,,APOLLO,ORANI,2135,province,PH,,
10024,,APOLLO,ORANI,2136,province,PH,,
10025,,APOLLO,ORANI,2137,province,PH,,
10026,,APOLLO,ORANI,2138,province,PH,,
10027,,APOLLO,ORANI,2139,province,PH,,
10028,,APOLLO,ORANI,2140,province,PH,,
10029,,APOLLO,ORANI,2141,province,PH,,
10030,,APOLLO,ORANI,2142,province,PH,,
10031,,APOLLO,ORANI,2143,province,PH,,
10032,,APOLLO,ORANI,2144,province,PH,,
10033,,APOLLO,ORANI,2145,province,PH,,
10034,,APOLLO,ORANI,2146,province,PH,,
10035,,APOLLO,ORANI,2147,province,PH,,
10036,,APOLLO,ORANI,2148,province,PH,,
10037,,APOLLO,ORANI,2149,province,PH,,
10038,,APOLLO,ORANI,2150,province,PH,,
10039,,APOLLO,ORANI,2151,province,PH,,
10040,,APOLLO,ORANI,2152,province,PH,,
10041,,APOLLO,ORANI,2153,province,PH,,
10042,,APOLLO,ORANI,2154,province,PH,,
10043,,APOLLO,ORANI,2155,province,PH,,
10044,,APOLLO,ORANI,2156,province,PH,,
10045,,APOLLO,ORANI,2157,province,PH,,
10046,,APOLLO,ORANI,2158,province,PH,,
10047,,APOLLO,ORANI,2159,province,PH,,
10048,,APOLLO,ORANI,2160,province,PH,,
10049,,APOLLO,ORANI,2161,province,PH,,
10050,,APOLLO,ORANI,2162,province,PH,,
10051,,APOLLO,ORANI,2163,province,PH,,
10052,,APOLLO,ORANI,2164,province,PH,,
10053,,APOLLO,ORANI,2165,province,PH,,
10054,,APOLLO,ORANI,2166,province,PH,,
10055,,APOLLO,ORANI,2167,province,PH,,
10056,,APOLLO,ORANI,2168,province,PH,,
10057,,APOLLO,ORANI,2169,province,PH,,
10058,,APOLLO,ORANI,2170,province,PH,,
10059,,APOLLO,ORANI,2171,province,PH,,
10060,,APOLLO,ORANI,2172,province,PH,,
10061,,APOLLO,ORANI,2173,province,PH,,
10062,,APOLLO,ORANI,2174,province,PH,,
10063,,APOLLO,ORANI,2175,province,PH,,
10064,,APOLLO,ORANI,2176,province,PH,,
10065,,APOLLO,ORANI,2177,province,PH,,
10066,,APOLLO,ORANI,2178,province,PH,,
10067,,APOLLO,ORANI,2179,province,PH,,
10068,,APOLLO,ORANI,2180,province,PH,,
10069,,APOLLO,ORANI,2181,province,PH,,
10070,,APOLLO,ORANI,2182,province,PH,,
10071,,APOLLO,ORANI,2183,province,PH,,
10072,,APOLLO,ORANI,2184,province,PH,,
10073,,APOLLO,ORANI,2185,province,PH,,
10074,,APOLLO,ORANI,2186,province,PH,,
10075,,APOLLO,ORANI,2187,province,PH,,
10076,,APOLLO,ORANI,2188,province,PH,,
10077,,APOLLO,ORANI,2189,province,PH,,
60001,,CENTRO I,ORANI,2190,province,PH,,
60002,,CENTRO I,ORANI,2191,province,PH,,
60003,,CENTRO I,ORANI,2192,province,PH,,
60004,,CENTRO I,ORANI,2193,province,PH,,
60005,,CENTRO I,ORANI,2194,province,PH,,
60006,,CENTRO I,ORANI,2195,province,PH,,
60007,,CENTRO I,ORANI,2196,province,PH,,
60008,,CENTRO I,ORANI,2197,province,PH,,
60009,,CENTRO I,ORANI,2198,province,PH,,
60010,,CENTRO I,ORANI,2199,province,PH,,
60011,,CENTRO I,ORANI,2200,province,PH,,
60012,,CENTRO I,ORANI,2201,province,PH,,
60013,,CENTRO I,ORANI,2202,province,PH,,
60014,,CENTRO I,ORANI,2203,province,PH,,
60015,,CENTRO I,ORANI,2204,province,PH,,
60016,,CENTRO I,ORANI,2205,province,PH,,
60017,,CENTRO I,ORANI,2206,province,PH,,
60018,,CENTRO I,ORANI,2207,province,PH,,
60019,,CENTRO I,ORANI,2208,province,PH,,
60020,,CENTRO I,ORANI,2209,province,PH,,
60021,,CENTRO I,ORANI,2210,province,PH,,
60022,,CENTRO I,ORANI,2211,province,PH,,
60023,,CENTRO I,ORANI,2212,province,PH,,
60024,,CENTRO I,ORANI,2213,province,PH,,
60025,,CENTRO I,ORANI,2214,province,PH,,
60026,,CENTRO I,ORANI,2215,province,PH,,
60027,,CENTRO I,ORANI,2216,province,PH,,
60028,,CENTRO I,ORANI,2217,province,PH,,
60029,,CENTRO I,ORANI,2218,province,PH,,
60030,,CENTRO I,ORANI,2219,province,PH,,
60031,,CENTRO I,ORANI,2220,province,PH,,
60032,,CENTRO I,ORANI,2221,province,PH,,
60033,,CENTRO I,ORANI,2222,province,PH,,
60034,,CENTRO I,ORANI,2223,province,PH,,
60035,,CENTRO I,ORANI,2224,province,PH,,
60036,,CENTRO I,ORANI,2225,province,PH,,
60037,,CENTRO I,ORANI,2226,province,PH,,
60038,,CENTRO I,ORANI,2227,province,PH,,
60039,,CENTRO I,ORANI,2228,province,PH,,
60040,,CENTRO I,ORANI,2229,province,PH,,
60041,,CENTRO I,ORANI,2230,province,PH,,
60042,,CENTRO I,ORANI,2231,province,PH,,
60043,,CENTRO I,ORANI,2232,province,PH,,
60044,,CENTRO I,ORANI,2233,province,PH,,
60045,,CENTRO I,ORANI,2234,province,PH,,
60046,,CENTRO I,ORANI,2235,province,PH,,
60047,,CENTRO I,ORANI,2236,province,PH,,
60048,,CENTRO I,ORANI,2237,province,PH,,
70001,,CENTRO II,ORANI,2238,province,PH,,
70002,,CENTRO II,ORANI,2239,province,PH,,
70003,,CENTRO II,ORANI,2240,province,PH,,
70004,,CENTRO II,ORANI,2241,province,PH,,
70005,,CENTRO II,ORANI,2242,province,PH,,
70006,,CENTRO II,ORANI,2243,province,PH,,
70007,,CENTRO II,ORANI,2244,province,PH,,
70008,,CENTRO II,ORANI,2245,province,PH,,
70009,,CENTRO II,ORANI,2246,province,PH,,
70010,,CENTRO II,ORANI,2247,province,PH,,
70011,,CENTRO II,ORANI,2248,province,PH,,
70012,,CENTRO II,ORANI,2249,province,PH,,
70013,,CENTRO II,ORANI,2250,province,PH,,
70014,,CENTRO II,ORANI,2251,province,PH,,
70015,,CENTRO II,ORANI,2252,province,PH,,
70016,,CENTRO II,ORANI,2253,province,PH,,
70017,,CENTRO II,ORANI,2254,province,PH,,
70018,,CENTRO II,ORANI,2255,province,PH,,
70019,,CENTRO II,ORANI,2256,province,PH,,
70020,,CENTRO II,ORANI,2257,province,PH,,
70021,,CENTRO II,ORANI,2258,province,PH,,
70022,,CENTRO II,ORANI,2259,province,PH,,
70023,,CENTRO II,ORANI,2260,province,PH,,
70024,,CENTRO II,ORANI,2261,province,PH,,
70025,,CENTRO II,ORANI,2262,province,PH,,
70026,,CENTRO II,ORANI,2263,province,PH,,
70027,,CENTRO II,ORANI,2264,province,PH,,
70028,,CENTRO II,ORANI,2265,province,PH,,
70029,,CENTRO II,ORANI,2266,province,PH,,
70030,,CENTRO II,ORANI,2267,province,PH,,
70031,,CENTRO II,ORANI,2268,province,PH,,
70032,,CENTRO II,ORANI,2269,province,PH,,
70033,,CENTRO II,ORANI,2270,province,PH,,
70034,,CENTRO II,ORANI,2271,province,PH,,
70035,,CENTRO II,ORANI,2272,province,PH,,
110001,,MARIA FE ,ORANI,2273,province,PH,,
110002,,MARIA FE ,ORANI,2274,province,PH,,
110003,,MARIA FE ,ORANI,2275,province,PH,,
110004,,MARIA FE ,ORANI,2276,province,PH,,
110005,,MARIA FE ,ORANI,2277,province,PH,,
110006,,MARIA FE ,ORANI,2278,province,PH,,
110007,,MARIA FE ,ORANI,2279,province,PH,,
110008,,MARIA FE ,ORANI,2280,province,PH,,
110009,,MARIA FE ,ORANI,2281,province,PH,,
110010,,MARIA FE ,ORANI,2282,province,PH,,
110011,,MARIA FE ,ORANI,2283,province,PH,,
110012,,MARIA FE ,ORANI,2284,province,PH,,
110013,,MARIA FE ,ORANI,2285,province,PH,,
110014,,MARIA FE ,ORANI,2286,province,PH,,
110015,,MARIA FE ,ORANI,2287,province,PH,,
110016,,MARIA FE ,ORANI,2288,province,PH,,
110017,,MARIA FE ,ORANI,2289,province,PH,,
110018,,MARIA FE ,ORANI,2290,province,PH,,
110019,,MARIA FE ,ORANI,2291,province,PH,,
110020,,MARIA FE ,ORANI,2292,province,PH,,
110021,,MARIA FE ,ORANI,2293,province,PH,,
110022,,MARIA FE ,ORANI,2294,province,PH,,
110023,,MARIA FE ,ORANI,2295,province,PH,,
110024,,MARIA FE ,ORANI,2296,province,PH,,
110025,,MARIA FE ,ORANI,2297,province,PH,,
110026,,MARIA FE ,ORANI,2298,province,PH,,
110027,,MARIA FE ,ORANI,2299,province,PH,,
110028,,MARIA FE ,ORANI,2300,province,PH,,
110029,,MARIA FE ,ORANI,2301,province,PH,,
110030,,MARIA FE ,ORANI,2302,province,PH,,
110031,,MARIA FE ,ORANI,2303,province,PH,,
110032,,MARIA FE ,ORANI,2304,province,PH,,
110033,,MARIA FE ,ORANI,2305,province,PH,,
110034,,MARIA FE ,ORANI,2306,province,PH,,
110035,,MARIA FE ,ORANI,2307,province,PH,,
110036,,MARIA FE ,ORANI,2308,province,PH,,
110037,,MARIA FE ,ORANI,2309,province,PH,,
110038,,MARIA FE ,ORANI,2310,province,PH,,
110039,,MARIA FE ,ORANI,2311,province,PH,,
110040,,MARIA FE ,ORANI,2312,province,PH,,
110041,,MARIA FE ,ORANI,2313,province,PH,,
110042,,MARIA FE ,ORANI,2314,province,PH,,
110043,,MARIA FE ,ORANI,2315,province,PH,,
110044,,MARIA FE ,ORANI,2316,province,PH,,
110045,,MARIA FE ,ORANI,2317,province,PH,,
110046,,MARIA FE ,ORANI,2318,province,PH,,
110047,,MARIA FE ,ORANI,2319,province,PH,,
110048,,MARIA FE ,ORANI,2320,province,PH,,
110049,,MARIA FE ,ORANI,2321,province,PH,,
110050,,MARIA FE ,ORANI,2322,province,PH,,
110051,,MARIA FE ,ORANI,2323,province,PH,,
110052,,MARIA FE ,ORANI,2324,province,PH,,
110053,,MARIA FE ,ORANI,2325,province,PH,,
110054,,MARIA FE ,ORANI,2326,province,PH,,
110055,,MARIA FE ,ORANI,2327,province,PH,,
110056,,MARIA FE ,ORANI,2328,province,PH,,
110057,,MARIA FE ,ORANI,2329,province,PH,,
110058,,MARIA FE ,ORANI,2330,province,PH,,
110059,,MARIA FE ,ORANI,2331,province,PH,,
110060,,MARIA FE ,ORANI,2332,province,PH,,
110061,,MARIA FE ,ORANI,2333,province,PH,,
110062,,MARIA FE ,ORANI,2334,province,PH,,
110063,,MARIA FE ,ORANI,2335,province,PH,,
110064,,MARIA FE ,ORANI,2336,province,PH,,
110065,,MARIA FE ,ORANI,2337,province,PH,,
110066,,MARIA FE ,ORANI,2338,province,PH,,
110067,,MARIA FE ,ORANI,2339,province,PH,,
110068,,MARIA FE ,ORANI,2340,province,PH,,
110069,,MARIA FE ,ORANI,2341,province,PH,,
110070,,MARIA FE ,ORANI,2342,province,PH,,
110071,,MARIA FE ,ORANI,2343,province,PH,,
110072,,MARIA FE ,ORANI,2344,province,PH,,
110073,,MARIA FE ,ORANI,2345,province,PH,,
110074,,MARIA FE ,ORANI,2346,province,PH,,
110075,,MARIA FE ,ORANI,2347,province,PH,,
110076,,MARIA FE ,ORANI,2348,province,PH,,
110077,,MARIA FE ,ORANI,2349,province,PH,,
110078,,MARIA FE ,ORANI,2350,province,PH,,
110079,,MARIA FE ,ORANI,2351,province,PH,,
110080,,MARIA FE ,ORANI,2352,province,PH,,
110081,,MARIA FE ,ORANI,2353,province,PH,,
110082,,MARIA FE ,ORANI,2354,province,PH,,
110083,,MARIA FE ,ORANI,2355,province,PH,,
110084,,MARIA FE ,ORANI,2356,province,PH,,
110085,,MARIA FE ,ORANI,2357,province,PH,,
110086,,MARIA FE ,ORANI,2358,province,PH,,
110087,,MARIA FE ,ORANI,2359,province,PH,,
110088,,MARIA FE ,ORANI,2360,province,PH,,
110089,,MARIA FE ,ORANI,2361,province,PH,,
110090,,MARIA FE ,ORANI,2362,province,PH,,
110091,,MARIA FE ,ORANI,2363,province,PH,,
110092,,MARIA FE ,ORANI,2364,province,PH,,
110093,,MARIA FE ,ORANI,2365,province,PH,,
110094,,MARIA FE ,ORANI,2366,province,PH,,
110095,,MARIA FE ,ORANI,2367,province,PH,,
110096,,MARIA FE ,ORANI,2368,province,PH,,
110097,,MARIA FE ,ORANI,2369,province,PH,,
110098,,MARIA FE ,ORANI,2370,province,PH,,
110099,,MARIA FE ,ORANI,2371,province,PH,,
110100,,MARIA FE ,ORANI,2372,province,PH,,
110101,,MARIA FE ,ORANI,2373,province,PH,,
110102,,MARIA FE ,ORANI,2374,province,PH,,
110103,,MARIA FE ,ORANI,2375,province,PH,,
110104,,MARIA FE ,ORANI,2376,province,PH,,
110105,,MARIA FE ,ORANI,2377,province,PH,,
110106,,MARIA FE ,ORANI,2378,province,PH,,
110107,,MARIA FE ,ORANI,2379,province,PH,,
110108,,MARIA FE ,ORANI,2380,province,PH,,
110109,,MARIA FE ,ORANI,2381,province,PH,,
110110,,MARIA FE ,ORANI,2382,province,PH,,
110111,,MARIA FE ,ORANI,2383,province,PH,,
110112,,MARIA FE ,ORANI,2384,province,PH,,
110113,,MARIA FE ,ORANI,2385,province,PH,,
110114,,MARIA FE ,ORANI,2386,province,PH,,
110115,,MARIA FE ,ORANI,2387,province,PH,,
110116,,MARIA FE ,ORANI,2388,province,PH,,
110117,,MARIA FE ,ORANI,2389,province,PH,,
110118,,MARIA FE ,ORANI,2390,province,PH,,
110119,,MARIA FE ,ORANI,2391,province,PH,,
110120,,MARIA FE ,ORANI,2392,province,PH,,
110121,,MARIA FE ,ORANI,2393,province,PH,,
110122,,MARIA FE ,ORANI,2394,province,PH,,
110123,,MARIA FE ,ORANI,2395,province,PH,,
110124,,MARIA FE ,ORANI,2396,province,PH,,
110125,,MARIA FE ,ORANI,2397,province,PH,,
110126,,MARIA FE ,ORANI,2398,province,PH,,
110127,,MARIA FE ,ORANI,2399,province,PH,,
110128,,MARIA FE ,ORANI,2400,province,PH,,
110129,,MARIA FE ,ORANI,2401,province,PH,,
110130,,MARIA FE ,ORANI,2402,province,PH,,
110131,,MARIA FE ,ORANI,2403,province,PH,,
110132,,MARIA FE ,ORANI,2404,province,PH,,
110133,,MARIA FE ,ORANI,2405,province,PH,,
110134,,MARIA FE ,ORANI,2406,province,PH,,
110135,,MARIA FE ,ORANI,2407,province,PH,,
120001,,MASANTOL,ORANI,2408,province,PH,,
120002,,MASANTOL,ORANI,2409,province,PH,,
120003,,MASANTOL,ORANI,2410,province,PH,,
120004,,MASANTOL,ORANI,2411,province,PH,,
120005,,MASANTOL,ORANI,2412,province,PH,,
120006,,MASANTOL,ORANI,2413,province,PH,,
120007,,MASANTOL,ORANI,2414,province,PH,,
120008,,MASANTOL,ORANI,2415,province,PH,,
120009,,MASANTOL,ORANI,2416,province,PH,,
120010,,MASANTOL,ORANI,2417,province,PH,,
120011,,MASANTOL,ORANI,2418,province,PH,,
120012,,MASANTOL,ORANI,2419,province,PH,,
120013,,MASANTOL,ORANI,2420,province,PH,,
120014,,MASANTOL,ORANI,2421,province,PH,,
120015,,MASANTOL,ORANI,2422,province,PH,,
120016,,MASANTOL,ORANI,2423,province,PH,,
120017,,MASANTOL,ORANI,2424,province,PH,,
120018,,MASANTOL,ORANI,2425,province,PH,,
120019,,MASANTOL,ORANI,2426,province,PH,,
120020,,MASANTOL,ORANI,2427,province,PH,,
120021,,MASANTOL,ORANI,2428,province,PH,,
120022,,MASANTOL,ORANI,2429,province,PH,,
120023,,MASANTOL,ORANI,2430,province,PH,,
120024,,MASANTOL,ORANI,2431,province,PH,,
120025,,MASANTOL,ORANI,2432,province,PH,,
120026,,MASANTOL,ORANI,2433,province,PH,,
120027,,MASANTOL,ORANI,2434,province,PH,,
120028,,MASANTOL,ORANI,2435,province,PH,,
120029,,MASANTOL,ORANI,2436,province,PH,,
120030,,MASANTOL,ORANI,2437,province,PH,,
120031,,MASANTOL,ORANI,2438,province,PH,,
120032,,MASANTOL,ORANI,2439,province,PH,,
120033,,MASANTOL,ORANI,2440,province,PH,,
120034,,MASANTOL,ORANI,2441,province,PH,,
120035,,MASANTOL,ORANI,2442,province,PH,,
120036,,MASANTOL,ORANI,2443,province,PH,,
120037,,MASANTOL,ORANI,2444,province,PH,,
120038,,MASANTOL,ORANI,2445,province,PH,,
120039,,MASANTOL,ORANI,2446,province,PH,,
120040,,MASANTOL,ORANI,2447,province,PH,,
120041,,MASANTOL,ORANI,2448,province,PH,,
120042,,MASANTOL,ORANI,2449,province,PH,,
120043,,MASANTOL,ORANI,2450,province,PH,,
130001,,MULAWIN,ORANI,2451,province,PH,,
130002,,MULAWIN,ORANI,2452,province,PH,,
130003,,MULAWIN,ORANI,2453,province,PH,,
130004,,MULAWIN,ORANI,2454,province,PH,,
130005,,MULAWIN,ORANI,2455,province,PH,,
130006,,MULAWIN,ORANI,2456,province,PH,,
130007,,MULAWIN,ORANI,2457,province,PH,,
130008,,MULAWIN,ORANI,2458,province,PH,,
130009,,MULAWIN,ORANI,2459,province,PH,,
130010,,MULAWIN,ORANI,2460,province,PH,,
130011,,MULAWIN,ORANI,2461,province,PH,,
130012,,MULAWIN,ORANI,2462,province,PH,,
130013,,MULAWIN,ORANI,2463,province,PH,,
130014,,MULAWIN,ORANI,2464,province,PH,,
130015,,MULAWIN,ORANI,2465,province,PH,,
130016,,MULAWIN,ORANI,2466,province,PH,,
130017,,MULAWIN,ORANI,2467,province,PH,,
130018,,MULAWIN,ORANI,2468,province,PH,,
130019,,MULAWIN,ORANI,2469,province,PH,,
130020,,MULAWIN,ORANI,2470,province,PH,,
130021,,MULAWIN,ORANI,2471,province,PH,,
130022,,MULAWIN,ORANI,2472,province,PH,,
130023,,MULAWIN,ORANI,2473,province,PH,,
130024,,MULAWIN,ORANI,2474,province,PH,,
130025,,MULAWIN,ORANI,2475,province,PH,,
130026,,MULAWIN,ORANI,2476,province,PH,,
130027,,MULAWIN,ORANI,2477,province,PH,,
130028,,MULAWIN,ORANI,2478,province,PH,,
130029,,MULAWIN,ORANI,2479,province,PH,,
130030,,MULAWIN,ORANI,2480,province,PH,,
130031,,MULAWIN,ORANI,2481,province,PH,,
130032,,MULAWIN,ORANI,2482,province,PH,,
130033,,MULAWIN,ORANI,2483,province,PH,,
130034,,MULAWIN,ORANI,2484,province,PH,,
130035,,MULAWIN,ORANI,2485,province,PH,,
130036,,MULAWIN,ORANI,2486,province,PH,,
130037,,MULAWIN,ORANI,2487,province,PH,,
130038,,MULAWIN,ORANI,2488,province,PH,,
130039,,MULAWIN,ORANI,2489,province,PH,,
130040,,MULAWIN,ORANI,2490,province,PH,,
130041,,MULAWIN,ORANI,2491,province,PH,,
130042,,MULAWIN,ORANI,2492,province,PH,,
130043,,MULAWIN,ORANI,2493,province,PH,,
130044,,MULAWIN,ORANI,2494,province,PH,,
130045,,MULAWIN,ORANI,2495,province,PH,,
130046,,MULAWIN,ORANI,2496,province,PH,,
130047,,MULAWIN,ORANI,2497,province,PH,,
130048,,MULAWIN,ORANI,2498,province,PH,,
130049,,MULAWIN,ORANI,2499,province,PH,,
130050,,MULAWIN,ORANI,2500,province,PH,,
130051,,MULAWIN,ORANI,2501,province,PH,,
130052,,MULAWIN,ORANI,2502,province,PH,,
130053,,MULAWIN,ORANI,2503,province,PH,,
130054,,MULAWIN,ORANI,2504,province,PH,,
130055,,MULAWIN,ORANI,2505,province,PH,,
130056,,MULAWIN,ORANI,2506,province,PH,,
130057,,MULAWIN,ORANI,2507,province,PH,,
130058,,MULAWIN,ORANI,2508,province,PH,,
130059,,MULAWIN,ORANI,2509,province,PH,,
130060,,MULAWIN,ORANI,2510,province,PH,,
130061,,MULAWIN,ORANI,2511,province,PH,,
130062,,MULAWIN,ORANI,2512,province,PH,,
130063,,MULAWIN,ORANI,2513,province,PH,,
130064,,MULAWIN,ORANI,2514,province,PH,,
130065,,MULAWIN,ORANI,2515,province,PH,,
130066,,MULAWIN,ORANI,2516,province,PH,,
130067,,MULAWIN,ORANI,2517,province,PH,,
130068,,MULAWIN,ORANI,2518,province,PH,,
130069,,MULAWIN,ORANI,2519,province,PH,,
130070,,MULAWIN,ORANI,2520,province,PH,,
130071,,MULAWIN,ORANI,2521,province,PH,,
130072,,MULAWIN,ORANI,2522,province,PH,,
130073,,MULAWIN,ORANI,2523,province,PH,,
130074,,MULAWIN,ORANI,2524,province,PH,,
130075,,MULAWIN,ORANI,2525,province,PH,,
130076,,MULAWIN,ORANI,2526,province,PH,,
130077,,MULAWIN,ORANI,2527,province,PH,,
130078,,MULAWIN,ORANI,2528,province,PH,,
130079,,MULAWIN,ORANI,2529,province,PH,,
130080,,MULAWIN,ORANI,2530,province,PH,,
130081,,MULAWIN,ORANI,2531,province,PH,,
130082,,MULAWIN,ORANI,2532,province,PH,,
130083,,MULAWIN,ORANI,2533,province,PH,,
130084,,MULAWIN,ORANI,2534,province,PH,,
130085,,MULAWIN,ORANI,2535,province,PH,,
130086,,MULAWIN,ORANI,2536,province,PH,,
130087,,MULAWIN,ORANI,2537,province,PH,,
130088,,MULAWIN,ORANI,2538,province,PH,,
130089,,MULAWIN,ORANI,2539,province,PH,,
130090,,MULAWIN,ORANI,2540,province,PH,,
130091,,MULAWIN,ORANI,2541,province,PH,,
130092,,MULAWIN,ORANI,2542,province,PH,,
130093,,MULAWIN,ORANI,2543,province,PH,,
130094,,MULAWIN,ORANI,2544,province,PH,,
130095,,MULAWIN,ORANI,2545,province,PH,,
130096,,MULAWIN,ORANI,2546,province,PH,,
130097,,MULAWIN,ORANI,2547,province,PH,,
130098,,MULAWIN,ORANI,2548,province,PH,,
130099,,MULAWIN,ORANI,2549,province,PH,,
130100,,MULAWIN,ORANI,2550,province,PH,,
130101,,MULAWIN,ORANI,2551,province,PH,,
130102,,MULAWIN,ORANI,2552,province,PH,,
130103,,MULAWIN,ORANI,2553,province,PH,,
130104,,MULAWIN,ORANI,2554,province,PH,,
130105,,MULAWIN,ORANI,2555,province,PH,,
130106,,MULAWIN,ORANI,2556,province,PH,,
130107,,MULAWIN,ORANI,2557,province,PH,,
130108,,MULAWIN,ORANI,2558,province,PH,,
130109,,MULAWIN,ORANI,2559,province,PH,,
130110,,MULAWIN,ORANI,2560,province,PH,,
130111,,MULAWIN,ORANI,2561,province,PH,,
130112,,MULAWIN,ORANI,2562,province,PH,,
130113,,MULAWIN,ORANI,2563,province,PH,,
130114,,MULAWIN,ORANI,2564,province,PH,,
130115,,MULAWIN,ORANI,2565,province,PH,,
130116,,MULAWIN,ORANI,2566,province,PH,,
130117,,MULAWIN,ORANI,2567,province,PH,,
130118,,MULAWIN,ORANI,2568,province,PH,,
130119,,MULAWIN,ORANI,2569,province,PH,,
130120,,MULAWIN,ORANI,2570,province,PH,,
130121,,MULAWIN,ORANI,2571,province,PH,,
130122,,MULAWIN,ORANI,2572,province,PH,,
130123,,MULAWIN,ORANI,2573,province,PH,,
130124,,MULAWIN,ORANI,2574,province,PH,,
130125,,MULAWIN,ORANI,2575,province,PH,,
130126,,MULAWIN,ORANI,2576,province,PH,,
130127,,MULAWIN,ORANI,2577,province,PH,,
130128,,MULAWIN,ORANI,2578,province,PH,,
130129,,MULAWIN,ORANI,2579,province,PH,,
130130,,MULAWIN,ORANI,2580,province,PH,,
130131,,MULAWIN,ORANI,2581,province,PH,,
130132,,MULAWIN,ORANI,2582,province,PH,,
130133,,MULAWIN,ORANI,2583,province,PH,,
130134,,MULAWIN,ORANI,2584,province,PH,,
130135,,MULAWIN,ORANI,2585,province,PH,,
130136,,MULAWIN,ORANI,2586,province,PH,,
130137,,MULAWIN,ORANI,2587,province,PH,,
130138,,MULAWIN,ORANI,2588,province,PH,,
130139,,MULAWIN,ORANI,2589,province,PH,,
130140,,MULAWIN,ORANI,2590,province,PH,,
130141,,MULAWIN,ORANI,2591,province,PH,,
130142,,MULAWIN,ORANI,2592,province,PH,,
130143,,MULAWIN,ORANI,2593,province,PH,,
130144,,MULAWIN,ORANI,2594,province,PH,,
130145,,MULAWIN,ORANI,2595,province,PH,,
130146,,MULAWIN,ORANI,2596,province,PH,,
150001,,PAGASA,ORANI,2597,province,PH,,
150002,,PAGASA,ORANI,2598,province,PH,,
150003,,PAGASA,ORANI,2599,province,PH,,
150004,,PAGASA,ORANI,2600,province,PH,,
150005,,PAGASA,ORANI,2601,province,PH,,
150006,,PAGASA,ORANI,2602,province,PH,,
150007,,PAGASA,ORANI,2603,province,PH,,
150008,,PAGASA,ORANI,2604,province,PH,,
150009,,PAGASA,ORANI,2605,province,PH,,
150010,,PAGASA,ORANI,2606,province,PH,,
150011,,PAGASA,ORANI,2607,province,PH,,
150012,,PAGASA,ORANI,2608,province,PH,,
150013,,PAGASA,ORANI,2609,province,PH,,
150014,,PAGASA,ORANI,2610,province,PH,,
150015,,PAGASA,ORANI,2611,province,PH,,
150016,,PAGASA,ORANI,2612,province,PH,,
150017,,PAGASA,ORANI,2613,province,PH,,
150018,,PAGASA,ORANI,2614,province,PH,,
150019,,PAGASA,ORANI,2615,province,PH,,
150020,,PAGASA,ORANI,2616,province,PH,,
150021,,PAGASA,ORANI,2617,province,PH,,
150022,,PAGASA,ORANI,2618,province,PH,,
150023,,PAGASA,ORANI,2619,province,PH,,
150024,,PAGASA,ORANI,2620,province,PH,,
150025,,PAGASA,ORANI,2621,province,PH,,
150026,,PAGASA,ORANI,2622,province,PH,,
150027,,PAGASA,ORANI,2623,province,PH,,
150028,,PAGASA,ORANI,2624,province,PH,,
150029,,PAGASA,ORANI,2625,province,PH,,
150030,,PAGASA,ORANI,2626,province,PH,,
150031,,PAGASA,ORANI,2627,province,PH,,
150032,,PAGASA,ORANI,2628,province,PH,,
150033,,PAGASA,ORANI,2629,province,PH,,
150034,,PAGASA,ORANI,2630,province,PH,,
150035,,PAGASA,ORANI,2631,province,PH,,
150036,,PAGASA,ORANI,2632,province,PH,,
150037,,PAGASA,ORANI,2633,province,PH,,
150038,,PAGASA,ORANI,2634,province,PH,,
150039,,PAGASA,ORANI,2635,province,PH,,
150040,,PAGASA,ORANI,2636,province,PH,,
150041,,PAGASA,ORANI,2637,province,PH,,
150042,,PAGASA,ORANI,2638,province,PH,,
150043,,PAGASA,ORANI,2639,province,PH,,
150044,,PAGASA,ORANI,2640,province,PH,,
150045,,PAGASA,ORANI,2641,province,PH,,
150046,,PAGASA,ORANI,2642,province,PH,,
150047,,PAGASA,ORANI,2643,province,PH,,
150048,,PAGASA,ORANI,2644,province,PH,,
150049,,PAGASA,ORANI,2645,province,PH,,
150050,,PAGASA,ORANI,2646,province,PH,,
150051,,PAGASA,ORANI,2647,province,PH,,
150052,,PAGASA,ORANI,2648,province,PH,,
150053,,PAGASA,ORANI,2649,province,PH,,
150054,,PAGASA,ORANI,2650,province,PH,,
150055,,PAGASA,ORANI,2651,province,PH,,
150056,,PAGASA,ORANI,2652,province,PH,,
150057,,PAGASA,ORANI,2653,province,PH,,
150058,,PAGASA,ORANI,2654,province,PH,,
150059,,PAGASA,ORANI,2655,province,PH,,
150060,,PAGASA,ORANI,2656,province,PH,,
150061,,PAGASA,ORANI,2657,province,PH,,
150062,,PAGASA,ORANI,2658,province,PH,,
150063,,PAGASA,ORANI,2659,province,PH,,
150064,,PAGASA,ORANI,2660,province,PH,,
150065,,PAGASA,ORANI,2661,province,PH,,
150066,,PAGASA,ORANI,2662,province,PH,,
150067,,PAGASA,ORANI,2663,province,PH,,
150068,,PAGASA,ORANI,2664,province,PH,,
150069,,PAGASA,ORANI,2665,province,PH,,
150070,,PAGASA,ORANI,2666,province,PH,,
150071,,PAGASA,ORANI,2667,province,PH,,
150072,,PAGASA,ORANI,2668,province,PH,,
150073,,PAGASA,ORANI,2669,province,PH,,
150074,,PAGASA,ORANI,2670,province,PH,,
150075,,PAGASA,ORANI,2671,province,PH,,
150076,,PAGASA,ORANI,2672,province,PH,,
150077,,PAGASA,ORANI,2673,province,PH,,
150078,,PAGASA,ORANI,2674,province,PH,,
150079,,PAGASA,ORANI,2675,province,PH,,
150080,,PAGASA,ORANI,2676,province,PH,,
150081,,PAGASA,ORANI,2677,province,PH,,
150082,,PAGASA,ORANI,2678,province,PH,,
150083,,PAGASA,ORANI,2679,province,PH,,
150084,,PAGASA,ORANI,2680,province,PH,,
150085,,PAGASA,ORANI,2681,province,PH,,
150086,,PAGASA,ORANI,2682,province,PH,,
150087,,PAGASA,ORANI,2683,province,PH,,
150088,,PAGASA,ORANI,2684,province,PH,,
150089,,PAGASA,ORANI,2685,province,PH,,
150090,,PAGASA,ORANI,2686,province,PH,,
150091,,PAGASA,ORANI,2687,province,PH,,
150092,,PAGASA,ORANI,2688,province,PH,,
150093,,PAGASA,ORANI,2689,province,PH,,
150094,,PAGASA,ORANI,2690,province,PH,,
150095,,PAGASA,ORANI,2691,province,PH,,
150096,,PAGASA,ORANI,2692,province,PH,,
150097,,PAGASA,ORANI,2693,province,PH,,
150098,,PAGASA,ORANI,2694,province,PH,,
150099,,PAGASA,ORANI,2695,province,PH,,
150100,,PAGASA,ORANI,2696,province,PH,,
150101,,PAGASA,ORANI,2697,province,PH,,
150102,,PAGASA,ORANI,2698,province,PH,,
150103,,PAGASA,ORANI,2699,province,PH,,
150104,,PAGASA,ORANI,2700,province,PH,,
150105,,PAGASA,ORANI,2701,province,PH,,
150106,,PAGASA,ORANI,2702,province,PH,,
150107,,PAGASA,ORANI,2703,province,PH,,
150108,,PAGASA,ORANI,2704,province,PH,,
150109,,PAGASA,ORANI,2705,province,PH,,
150110,,PAGASA,ORANI,2706,province,PH,,
150111,,PAGASA,ORANI,2707,province,PH,,
150112,,PAGASA,ORANI,2708,province,PH,,
150113,,PAGASA,ORANI,2709,province,PH,,
150114,,PAGASA,ORANI,2710,province,PH,,
150115,,PAGASA,ORANI,2711,province,PH,,
150116,,PAGASA,ORANI,2712,province,PH,,
150117,,PAGASA,ORANI,2713,province,PH,,
150118,,PAGASA,ORANI,2714,province,PH,,
150119,,PAGASA,ORANI,2715,province,PH,,
150120,,PAGASA,ORANI,2716,province,PH,,
150121,,PAGASA,ORANI,2717,province,PH,,
150122,,PAGASA,ORANI,2718,province,PH,,
150123,,PAGASA,ORANI,2719,province,PH,,
150124,,PAGASA,ORANI,2720,province,PH,,
150125,,PAGASA,ORANI,2721,province,PH,,
150126,,PAGASA,ORANI,2722,province,PH,,
150127,,PAGASA,ORANI,2723,province,PH,,
150128,,PAGASA,ORANI,2724,province,PH,,
150129,,PAGASA,ORANI,2725,province,PH,,
150130,,PAGASA,ORANI,2726,province,PH,,
150131,,PAGASA,ORANI,2727,province,PH,,
150132,,PAGASA,ORANI,2728,province,PH,,
150133,,PAGASA,ORANI,2729,province,PH,,
150134,,PAGASA,ORANI,2730,province,PH,,
150135,,PAGASA,ORANI,2731,province,PH,,
150136,,PAGASA,ORANI,2732,province,PH,,
150137,,PAGASA,ORANI,2733,province,PH,,
150138,,PAGASA,ORANI,2734,province,PH,,
150139,,PAGASA,ORANI,2735,province,PH,,
150140,,PAGASA,ORANI,2736,province,PH,,
150141,,PAGASA,ORANI,2737,province,PH,,
150142,,PAGASA,ORANI,2738,province,PH,,
150143,,PAGASA,ORANI,2739,province,PH,,
150144,,PAGASA,ORANI,2740,province,PH,,
150145,,PAGASA,ORANI,2741,province,PH,,
150146,,PAGASA,ORANI,2742,province,PH,,
150147,,PAGASA,ORANI,2743,province,PH,,
150148,,PAGASA,ORANI,2744,province,PH,,
150149,,PAGASA,ORANI,2745,province,PH,,
150150,,PAGASA,ORANI,2746,province,PH,,
150151,,PAGASA,ORANI,2747,province,PH,,
150152,,PAGASA,ORANI,2748,province,PH,,
150153,,PAGASA,ORANI,2749,province,PH,,
150154,,PAGASA,ORANI,2750,province,PH,,
150155,,PAGASA,ORANI,2751,province,PH,,
150156,,PAGASA,ORANI,2752,province,PH,,
150157,,PAGASA,ORANI,2753,province,PH,,
150158,,PAGASA,ORANI,2754,province,PH,,
150159,,PAGASA,ORANI,2755,province,PH,,
150160,,PAGASA,ORANI,2756,province,PH,,
150161,,PAGASA,ORANI,2757,province,PH,,
150162,,PAGASA,ORANI,2758,province,PH,,
150163,,PAGASA,ORANI,2759,province,PH,,
150164,,PAGASA,ORANI,2760,province,PH,,
150165,,PAGASA,ORANI,2761,province,PH,,
150166,,PAGASA,ORANI,2762,province,PH,,
150167,,PAGASA,ORANI,2763,province,PH,,
150168,,PAGASA,ORANI,2764,province,PH,,
150169,,PAGASA,ORANI,2765,province,PH,,
150170,,PAGASA,ORANI,2766,province,PH,,
150171,,PAGASA,ORANI,2767,province,PH,,
150172,,PAGASA,ORANI,2768,province,PH,,
150173,,PAGASA,ORANI,2769,province,PH,,
150174,,PAGASA,ORANI,2770,province,PH,,
150175,,PAGASA,ORANI,2771,province,PH,,
150176,,PAGASA,ORANI,2772,province,PH,,
150177,,PAGASA,ORANI,2773,province,PH,,
150178,,PAGASA,ORANI,2774,province,PH,,
150179,,PAGASA,ORANI,2775,province,PH,,
150180,,PAGASA,ORANI,2776,province,PH,,
150181,,PAGASA,ORANI,2777,province,PH,,
150182,,PAGASA,ORANI,2778,province,PH,,
150183,,PAGASA,ORANI,2779,province,PH,,
150184,,PAGASA,ORANI,2780,province,PH,,
150185,,PAGASA,ORANI,2781,province,PH,,
150186,,PAGASA,ORANI,2782,province,PH,,
150187,,PAGASA,ORANI,2783,province,PH,,
150188,,PAGASA,ORANI,2784,province,PH,,
150189,,PAGASA,ORANI,2785,province,PH,,
150190,,PAGASA,ORANI,2786,province,PH,,
150191,,PAGASA,ORANI,2787,province,PH,,
150192,,PAGASA,ORANI,2788,province,PH,,
150193,,PAGASA,ORANI,2789,province,PH,,
150194,,PAGASA,ORANI,2790,province,PH,,
150195,,PAGASA,ORANI,2791,province,PH,,
150196,,PAGASA,ORANI,2792,province,PH,,
150197,,PAGASA,ORANI,2793,province,PH,,
150198,,PAGASA,ORANI,2794,province,PH,,
150199,,PAGASA,ORANI,2795,province,PH,,
150200,,PAGASA,ORANI,2796,province,PH,,
150201,,PAGASA,ORANI,2797,province,PH,,
150202,,PAGASA,ORANI,2798,province,PH,,
150203,,PAGASA,ORANI,2799,province,PH,,
150204,,PAGASA,ORANI,2800,province,PH,,
150205,,PAGASA,ORANI,2801,province,PH,,
150206,,PAGASA,ORANI,2802,province,PH,,
150207,,PAGASA,ORANI,2803,province,PH,,
150208,,PAGASA,ORANI,2804,province,PH,,
150209,,PAGASA,ORANI,2805,province,PH,,
150210,,PAGASA,ORANI,2806,province,PH,,
150211,,PAGASA,ORANI,2807,province,PH,,
150212,,PAGASA,ORANI,2808,province,PH,,
150213,,PAGASA,ORANI,2809,province,PH,,
150214,,PAGASA,ORANI,2810,province,PH,,
150215,,PAGASA,ORANI,2811,province,PH,,
150216,,PAGASA,ORANI,2812,province,PH,,
150217,,PAGASA,ORANI,2813,province,PH,,
150218,,PAGASA,ORANI,2814,province,PH,,
150219,,PAGASA,ORANI,2815,province,PH,,
150220,,PAGASA,ORANI,2816,province,PH,,
150221,,PAGASA,ORANI,2817,province,PH,,
150222,,PAGASA,ORANI,2818,province,PH,,
150223,,PAGASA,ORANI,2819,province,PH,,
200001,,PUKSUAN,ORANI,2820,province,PH,,
200002,,PUKSUAN,ORANI,2821,province,PH,,
200003,,PUKSUAN,ORANI,2822,province,PH,,
200004,,PUKSUAN,ORANI,2823,province,PH,,
200005,,PUKSUAN,ORANI,2824,province,PH,,
200006,,PUKSUAN,ORANI,2825,province,PH,,
200007,,PUKSUAN,ORANI,2826,province,PH,,
200008,,PUKSUAN,ORANI,2827,province,PH,,
200009,,PUKSUAN,ORANI,2828,province,PH,,
200010,,PUKSUAN,ORANI,2829,province,PH,,
200011,,PUKSUAN,ORANI,2830,province,PH,,
200012,,PUKSUAN,ORANI,2831,province,PH,,
200013,,PUKSUAN,ORANI,2832,province,PH,,
200014,,PUKSUAN,ORANI,2833,province,PH,,
200015,,PUKSUAN,ORANI,2834,province,PH,,
200016,,PUKSUAN,ORANI,2835,province,PH,,
200017,,PUKSUAN,ORANI,2836,province,PH,,
200018,,PUKSUAN,ORANI,2837,province,PH,,
200019,,PUKSUAN,ORANI,2838,province,PH,,
200020,,PUKSUAN,ORANI,2839,province,PH,,
200021,,PUKSUAN,ORANI,2840,province,PH,,
200022,,PUKSUAN,ORANI,2841,province,PH,,
200023,,PUKSUAN,ORANI,2842,province,PH,,
200024,,PUKSUAN,ORANI,2843,province,PH,,
200025,,PUKSUAN,ORANI,2844,province,PH,,
200026,,PUKSUAN,ORANI,2845,province,PH,,
200027,,PUKSUAN,ORANI,2846,province,PH,,
200028,,PUKSUAN,ORANI,2847,province,PH,,
200029,,PUKSUAN,ORANI,2848,province,PH,,
200030,,PUKSUAN,ORANI,2849,province,PH,,
200031,,PUKSUAN,ORANI,2850,province,PH,,
200032,,PUKSUAN,ORANI,2851,province,PH,,
200033,,PUKSUAN,ORANI,2852,province,PH,,
200034,,PUKSUAN,ORANI,2853,province,PH,,
200035,,PUKSUAN,ORANI,2854,province,PH,,
200036,,PUKSUAN,ORANI,2855,province,PH,,
200037,,PUKSUAN,ORANI,2856,province,PH,,
200038,,PUKSUAN,ORANI,2857,province,PH,,
200039,,PUKSUAN,ORANI,2858,province,PH,,
200040,,PUKSUAN,ORANI,2859,province,PH,,
200041,,PUKSUAN,ORANI,2860,province,PH,,
200042,,PUKSUAN,ORANI,2861,province,PH,,
200043,,PUKSUAN,ORANI,2862,province,PH,,
200044,,PUKSUAN,ORANI,2863,province,PH,,
200045,,PUKSUAN,ORANI,2864,province,PH,,
200046,,PUKSUAN,ORANI,2865,province,PH,,
200047,,PUKSUAN,ORANI,2866,province,PH,,
200048,,PUKSUAN,ORANI,2867,province,PH,,
210001,,SIBUL,ORANI,2868,province,PH,,
210002,,SIBUL,ORANI,2869,province,PH,,
210003,,SIBUL,ORANI,2870,province,PH,,
210004,,SIBUL,ORANI,2871,province,PH,,
210005,,SIBUL,ORANI,2872,province,PH,,
210006,,SIBUL,ORANI,2873,province,PH,,
210007,,SIBUL,ORANI,2874,province,PH,,
210008,,SIBUL,ORANI,2875,province,PH,,
210009,,SIBUL,ORANI,2876,province,PH,,
210010,,SIBUL,ORANI,2877,province,PH,,
210011,,SIBUL,ORANI,2878,province,PH,,
210012,,SIBUL,ORANI,2879,province,PH,,
210013,,SIBUL,ORANI,2880,province,PH,,
210014,,SIBUL,ORANI,2881,province,PH,,
210015,,SIBUL,ORANI,2882,province,PH,,
210016,,SIBUL,ORANI,2883,province,PH,,
210017,,SIBUL,ORANI,2884,province,PH,,
210018,,SIBUL,ORANI,2885,province,PH,,
210019,,SIBUL,ORANI,2886,province,PH,,
210020,,SIBUL,ORANI,2887,province,PH,,
210021,,SIBUL,ORANI,2888,province,PH,,
210022,,SIBUL,ORANI,2889,province,PH,,
210023,,SIBUL,ORANI,2890,province,PH,,
210024,,SIBUL,ORANI,2891,province,PH,,
210025,,SIBUL,ORANI,2892,province,PH,,
210026,,SIBUL,ORANI,2893,province,PH,,
210027,,SIBUL,ORANI,2894,province,PH,,
210028,,SIBUL,ORANI,2895,province,PH,,
210029,,SIBUL,ORANI,2896,province,PH,,
210030,,SIBUL,ORANI,2897,province,PH,,
210031,,SIBUL,ORANI,2898,province,PH,,
210032,,SIBUL,ORANI,2899,province,PH,,
210033,,SIBUL,ORANI,2900,province,PH,,
210034,,SIBUL,ORANI,2901,province,PH,,
210035,,SIBUL,ORANI,2902,province,PH,,
210036,,SIBUL,ORANI,2903,province,PH,,
210037,,SIBUL,ORANI,2904,province,PH,,
210038,,SIBUL,ORANI,2905,province,PH,,
210039,,SIBUL,ORANI,2906,province,PH,,
210040,,SIBUL,ORANI,2907,province,PH,,
210041,,SIBUL,ORANI,2908,province,PH,,
210042,,SIBUL,ORANI,2909,province,PH,,
210043,,SIBUL,ORANI,2910,province,PH,,
210044,,SIBUL,ORANI,2911,province,PH,,
210045,,SIBUL,ORANI,2912,province,PH,,
210046,,SIBUL,ORANI,2913,province,PH,,
210047,,SIBUL,ORANI,2914,province,PH,,
210048,,SIBUL,ORANI,2915,province,PH,,
210049,,SIBUL,ORANI,2916,province,PH,,
210050,,SIBUL,ORANI,2917,province,PH,,
210051,,SIBUL,ORANI,2918,province,PH,,
210052,,SIBUL,ORANI,2919,province,PH,,
210053,,SIBUL,ORANI,2920,province,PH,,
210054,,SIBUL,ORANI,2921,province,PH,,
210055,,SIBUL,ORANI,2922,province,PH,,
210056,,SIBUL,ORANI,2923,province,PH,,
210057,,SIBUL,ORANI,2924,province,PH,,
210058,,SIBUL,ORANI,2925,province,PH,,
210059,,SIBUL,ORANI,2926,province,PH,,
210060,,SIBUL,ORANI,2927,province,PH,,
210061,,SIBUL,ORANI,2928,province,PH,,
210062,,SIBUL,ORANI,2929,province,PH,,
210063,,SIBUL,ORANI,2930,province,PH,,
210064,,SIBUL,ORANI,2931,province,PH,,
210065,,SIBUL,ORANI,2932,province,PH,,
210066,,SIBUL,ORANI,2933,province,PH,,
210067,,SIBUL,ORANI,2934,province,PH,,
210068,,SIBUL,ORANI,2935,province,PH,,
210069,,SIBUL,ORANI,2936,province,PH,,
210070,,SIBUL,ORANI,2937,province,PH,,
210071,,SIBUL,ORANI,2938,province,PH,,
210072,,SIBUL,ORANI,2939,province,PH,,
210073,,SIBUL,ORANI,2940,province,PH,,
210074,,SIBUL,ORANI,2941,province,PH,,
210075,,SIBUL,ORANI,2942,province,PH,,
210076,,SIBUL,ORANI,2943,province,PH,,
210077,,SIBUL,ORANI,2944,province,PH,,
210078,,SIBUL,ORANI,2945,province,PH,,
210079,,SIBUL,ORANI,2946,province,PH,,
210080,,SIBUL,ORANI,2947,province,PH,,
210081,,SIBUL,ORANI,2948,province,PH,,
210082,,SIBUL,ORANI,2949,province,PH,,
210083,,SIBUL,ORANI,2950,province,PH,,
210084,,SIBUL,ORANI,2951,province,PH,,
210085,,SIBUL,ORANI,2952,province,PH,,
210086,,SIBUL,ORANI,2953,province,PH,,
210087,,SIBUL,ORANI,2954,province,PH,,
210088,,SIBUL,ORANI,2955,province,PH,,
210089,,SIBUL,ORANI,2956,province,PH,,
210090,,SIBUL,ORANI,2957,province,PH,,
210091,,SIBUL,ORANI,2958,province,PH,,
210092,,SIBUL,ORANI,2959,province,PH,,
220001,,SILAHIS,ORANI,2960,province,PH,,
220002,,SILAHIS,ORANI,2961,province,PH,,
220003,,SILAHIS,ORANI,2962,province,PH,,
220004,,SILAHIS,ORANI,2963,province,PH,,
220005,,SILAHIS,ORANI,2964,province,PH,,
220006,,SILAHIS,ORANI,2965,province,PH,,
220007,,SILAHIS,ORANI,2966,province,PH,,
220008,,SILAHIS,ORANI,2967,province,PH,,
220009,,SILAHIS,ORANI,2968,province,PH,,
220010,,SILAHIS,ORANI,2969,province,PH,,
220011,,SILAHIS,ORANI,2970,province,PH,,
220012,,SILAHIS,ORANI,2971,province,PH,,
220013,,SILAHIS,ORANI,2972,province,PH,,
220014,,SILAHIS,ORANI,2973,province,PH,,
220015,,SILAHIS,ORANI,2974,province,PH,,
220016,,SILAHIS,ORANI,2975,province,PH,,
220017,,SILAHIS,ORANI,2976,province,PH,,
220018,,SILAHIS,ORANI,2977,province,PH,,
220019,,SILAHIS,ORANI,2978,province,PH,,
220020,,SILAHIS,ORANI,2979,province,PH,,
220021,,SILAHIS,ORANI,2980,province,PH,,
220022,,SILAHIS,ORANI,2981,province,PH,,
220023,,SILAHIS,ORANI,2982,province,PH,,
220024,,SILAHIS,ORANI,2983,province,PH,,
220025,,SILAHIS,ORANI,2984,province,PH,,
220026,,SILAHIS,ORANI,2985,province,PH,,
220027,,SILAHIS,ORANI,2986,province,PH,,
220028,,SILAHIS,ORANI,2987,province,PH,,
220029,,SILAHIS,ORANI,2988,province,PH,,
220030,,SILAHIS,ORANI,2989,province,PH,,
220031,,SILAHIS,ORANI,2990,province,PH,,
220032,,SILAHIS,ORANI,2991,province,PH,,
220033,,SILAHIS,ORANI,2992,province,PH,,
220034,,SILAHIS,ORANI,2993,province,PH,,
220035,,SILAHIS,ORANI,2994,province,PH,,
220036,,SILAHIS,ORANI,2995,province,PH,,
220037,,SILAHIS,ORANI,2996,province,PH,,
220038,,SILAHIS,ORANI,2997,province,PH,,
220039,,SILAHIS,ORANI,2998,province,PH,,
220040,,SILAHIS,ORANI,2999,province,PH,,
220041,,SILAHIS,ORANI,3000,province,PH,,
220042,,SILAHIS,ORANI,3001,province,PH,,
220043,,SILAHIS,ORANI,3002,province,PH,,
220044,,SILAHIS,ORANI,3003,province,PH,,
220045,,SILAHIS,ORANI,3004,province,PH,,
220046,,SILAHIS,ORANI,3005,province,PH,,
220047,,SILAHIS,ORANI,3006,province,PH,,
220048,,SILAHIS,ORANI,3007,province,PH,,
220049,,SILAHIS,ORANI,3008,province,PH,,
220050,,SILAHIS,ORANI,3009,province,PH,,
220051,,SILAHIS,ORANI,3010,province,PH,,
220052,,SILAHIS,ORANI,3011,province,PH,,
250001,,TALIMUNDOC,ORANI,3012,province,PH,,
250002,,TALIMUNDOC,ORANI,3013,province,PH,,
250003,,TALIMUNDOC,ORANI,3014,province,PH,,
250004,,TALIMUNDOC,ORANI,3015,province,PH,,
250005,,TALIMUNDOC,ORANI,3016,province,PH,,
250006,,TALIMUNDOC,ORANI,3017,province,PH,,
250007,,TALIMUNDOC,ORANI,3018,province,PH,,
250008,,TALIMUNDOC,ORANI,3019,province,PH,,
250009,,TALIMUNDOC,ORANI,3020,province,PH,,
250010,,TALIMUNDOC,ORANI,3021,province,PH,,
250011,,TALIMUNDOC,ORANI,3022,province,PH,,
250012,,TALIMUNDOC,ORANI,3023,province,PH,,
250013,,TALIMUNDOC,ORANI,3024,province,PH,,
250014,,TALIMUNDOC,ORANI,3025,province,PH,,
250015,,TALIMUNDOC,ORANI,3026,province,PH,,
250016,,TALIMUNDOC,ORANI,3027,province,PH,,
250017,,TALIMUNDOC,ORANI,3028,province,PH,,
250018,,TALIMUNDOC,ORANI,3029,province,PH,,
250019,,TALIMUNDOC,ORANI,3030,province,PH,,
250020,,TALIMUNDOC,ORANI,3031,province,PH,,
250021,,TALIMUNDOC,ORANI,3032,province,PH,,
250022,,TALIMUNDOC,ORANI,3033,province,PH,,
250023,,TALIMUNDOC,ORANI,3034,province,PH,,
250024,,TALIMUNDOC,ORANI,3035,province,PH,,
250025,,TALIMUNDOC,ORANI,3036,province,PH,,
250026,,TALIMUNDOC,ORANI,3037,province,PH,,
250027,,TALIMUNDOC,ORANI,3038,province,PH,,
250028,,TALIMUNDOC,ORANI,3039,province,PH,,
250029,,TALIMUNDOC,ORANI,3040,province,PH,,
250030,,TALIMUNDOC,ORANI,3041,province,PH,,
250031,,TALIMUNDOC,ORANI,3042,province,PH,,
250032,,TALIMUNDOC,ORANI,3043,province,PH,,
250033,,TALIMUNDOC,ORANI,3044,province,PH,,
250034,,TALIMUNDOC,ORANI,3045,province,PH,,
250035,,TALIMUNDOC,ORANI,3046,province,PH,,
250036,,TALIMUNDOC,ORANI,3047,province,PH,,
250037,,TALIMUNDOC,ORANI,3048,province,PH,,
250038,,TALIMUNDOC,ORANI,3049,province,PH,,
250039,,TALIMUNDOC,ORANI,3050,province,PH,,
250040,,TALIMUNDOC,ORANI,3051,province,PH,,
250041,,TALIMUNDOC,ORANI,3052,province,PH,,
250042,,TALIMUNDOC,ORANI,3053,province,PH,,
250043,,TALIMUNDOC,ORANI,3054,province,PH,,
250044,,TALIMUNDOC,ORANI,3055,province,PH,,
250045,,TALIMUNDOC,ORANI,3056,province,PH,,
250046,,TALIMUNDOC,ORANI,3057,province,PH,,
250047,,TALIMUNDOC,ORANI,3058,province,PH,,
250048,,TALIMUNDOC,ORANI,3059,province,PH,,
250049,,TALIMUNDOC,ORANI,3060,province,PH,,
250050,,TALIMUNDOC,ORANI,3061,province,PH,,
250051,,TALIMUNDOC,ORANI,3062,province,PH,,
250052,,TALIMUNDOC,ORANI,3063,province,PH,,
250053,,TALIMUNDOC,ORANI,3064,province,PH,,
250054,,TALIMUNDOC,ORANI,3065,province,PH,,
250055,,TALIMUNDOC,ORANI,3066,province,PH,,
250056,,TALIMUNDOC,ORANI,3067,province,PH,,
250057,,TALIMUNDOC,ORANI,3068,province,PH,,
250058,,TALIMUNDOC,ORANI,3069,province,PH,,
250059,,TALIMUNDOC,ORANI,3070,province,PH,,
250060,,TALIMUNDOC,ORANI,3071,province,PH,,
250061,,TALIMUNDOC,ORANI,3072,province,PH,,
250062,,TALIMUNDOC,ORANI,3073,province,PH,,
250063,,TALIMUNDOC,ORANI,3074,province,PH,,
250064,,TALIMUNDOC,ORANI,3075,province,PH,,
250065,,TALIMUNDOC,ORANI,3076,province,PH,,
250066,,TALIMUNDOC,ORANI,3077,province,PH,,
250067,,TALIMUNDOC,ORANI,3078,province,PH,,
250068,,TALIMUNDOC,ORANI,3079,province,PH,,
250069,,TALIMUNDOC,ORANI,3080,province,PH,,
250070,,TALIMUNDOC,ORANI,3081,province,PH,,
250071,,TALIMUNDOC,ORANI,3082,province,PH,,
250072,,TALIMUNDOC,ORANI,3083,province,PH,,
250073,,TALIMUNDOC,ORANI,3084,province,PH,,
250074,,TALIMUNDOC,ORANI,3085,province,PH,,
250075,,TALIMUNDOC,ORANI,3086,province,PH,,
250076,,TALIMUNDOC,ORANI,3087,province,PH,,
250077,,TALIMUNDOC,ORANI,3088,province,PH,,
250078,,TALIMUNDOC,ORANI,3089,province,PH,,
250079,,TALIMUNDOC,ORANI,3090,province,PH,,
250080,,TALIMUNDOC,ORANI,3091,province,PH,,
250081,,TALIMUNDOC,ORANI,3092,province,PH,,
250082,,TALIMUNDOC,ORANI,3093,province,PH,,
250083,,TALIMUNDOC,ORANI,3094,province,PH,,
250084,,TALIMUNDOC,ORANI,3095,province,PH,,
250085,,TALIMUNDOC,ORANI,3096,province,PH,,
250086,,TALIMUNDOC,ORANI,3097,province,PH,,
250087,,TALIMUNDOC,ORANI,3098,province,PH,,
250088,,TALIMUNDOC,ORANI,3099,province,PH,,
250089,,TALIMUNDOC,ORANI,3100,province,PH,,
250090,,TALIMUNDOC,ORANI,3101,province,PH,,
250091,,TALIMUNDOC,ORANI,3102,province,PH,,
250092,,TALIMUNDOC,ORANI,3103,province,PH,,
250093,,TALIMUNDOC,ORANI,3104,province,PH,,
250094,,TALIMUNDOC,ORANI,3105,province,PH,,
250095,,TALIMUNDOC,ORANI,3106,province,PH,,
250096,,TALIMUNDOC,ORANI,3107,province,PH,,
250097,,TALIMUNDOC,ORANI,3108,province,PH,,
250098,,TALIMUNDOC,ORANI,3109,province,PH,,
250099,,TALIMUNDOC,ORANI,3110,province,PH,,
250100,,TALIMUNDOC,ORANI,3111,province,PH,,
250101,,TALIMUNDOC,ORANI,3112,province,PH,,
250102,,TALIMUNDOC,ORANI,3113,province,PH,,
250103,,TALIMUNDOC,ORANI,3114,province,PH,,
250104,,TALIMUNDOC,ORANI,3115,province,PH,,
250105,,TALIMUNDOC,ORANI,3116,province,PH,,
250106,,TALIMUNDOC,ORANI,3117,province,PH,,
250107,,TALIMUNDOC,ORANI,3118,province,PH,,
250108,,TALIMUNDOC,ORANI,3119,province,PH,,
250109,,TALIMUNDOC,ORANI,3120,province,PH,,
250110,,TALIMUNDOC,ORANI,3121,province,PH,,
250111,,TALIMUNDOC,ORANI,3122,province,PH,,
250112,,TALIMUNDOC,ORANI,3123,province,PH,,
250113,,TALIMUNDOC,ORANI,3124,province,PH,,
250114,,TALIMUNDOC,ORANI,3125,province,PH,,
250115,,TALIMUNDOC,ORANI,3126,province,PH,,
250116,,TALIMUNDOC,ORANI,3127,province,PH,,
280001,,TALIMUNDOC,ORANI,3128,province,PH,,
280002,,TUGATOG,ORANI,3129,province,PH,,
280003,,TUGATOG,ORANI,3130,province,PH,,
280004,,TUGATOG,ORANI,3131,province,PH,,
280005,,TUGATOG,ORANI,3132,province,PH,,
280006,,TUGATOG,ORANI,3133,province,PH,,
280007,,TUGATOG,ORANI,3134,province,PH,,
280008,,TUGATOG,ORANI,3135,province,PH,,
280009,,TUGATOG,ORANI,3136,province,PH,,
280010,,TUGATOG,ORANI,3137,province,PH,,
280011,,TUGATOG,ORANI,3138,province,PH,,
280012,,TUGATOG,ORANI,3139,province,PH,,
280013,,TUGATOG,ORANI,3140,province,PH,,
280014,,TUGATOG,ORANI,3141,province,PH,,
280015,,TUGATOG,ORANI,3142,province,PH,,
280016,,TUGATOG,ORANI,3143,province,PH,,
280017,,TUGATOG,ORANI,3144,province,PH,,
280018,,TUGATOG,ORANI,3145,province,PH,,
280019,,TUGATOG,ORANI,3146,province,PH,,
280020,,TUGATOG,ORANI,3147,province,PH,,
280021,,TUGATOG,ORANI,3148,province,PH,,
280022,,TUGATOG,ORANI,3149,province,PH,,
280023,,TUGATOG,ORANI,3150,province,PH,,
280024,,TUGATOG,ORANI,3151,province,PH,,
280025,,TUGATOG,ORANI,3152,province,PH,,
280026,,TUGATOG,ORANI,3153,province,PH,,
280027,,TUGATOG,ORANI,3154,province,PH,,
280028,,TUGATOG,ORANI,3155,province,PH,,
280029,,TUGATOG,ORANI,3156,province,PH,,
280030,,TUGATOG,ORANI,3157,province,PH,,
280031,,TUGATOG,ORANI,3158,province,PH,,
280032,,TUGATOG,ORANI,3159,province,PH,,
280033,,TUGATOG,ORANI,3160,province,PH,,
280034,,TUGATOG,ORANI,3161,province,PH,,
280035,,TUGATOG,ORANI,3162,province,PH,,
280036,,TUGATOG,ORANI,3163,province,PH,,
280037,,TUGATOG,ORANI,3164,province,PH,,
280038,,TUGATOG,ORANI,3165,province,PH,,
280039,,TUGATOG,ORANI,3166,province,PH,,
280040,,TUGATOG,ORANI,3167,province,PH,,
280041,,TUGATOG,ORANI,3168,province,PH,,
280042,,TUGATOG,ORANI,3169,province,PH,,
280043,,TUGATOG,ORANI,3170,province,PH,,
280044,,TUGATOG,ORANI,3171,province,PH,,
280045,,TUGATOG,ORANI,3172,province,PH,,
280046,,TUGATOG,ORANI,3173,province,PH,,
280047,,TUGATOG,ORANI,3174,province,PH,,
280048,,TUGATOG,ORANI,3175,province,PH,,
280049,,TUGATOG,ORANI,3176,province,PH,,
280050,,TUGATOG,ORANI,3177,province,PH,,
280051,,TUGATOG,ORANI,3178,province,PH,,
280052,,TUGATOG,ORANI,3179,province,PH,,
280053,,TUGATOG,ORANI,3180,province,PH,,
280054,,TUGATOG,ORANI,3181,province,PH,,
280055,,TUGATOG,ORANI,3182,province,PH,,
280056,,TUGATOG,ORANI,3183,province,PH,,
280057,,TUGATOG,ORANI,3184,province,PH,,
280058,,TUGATOG,ORANI,3185,province,PH,,
280059,,TUGATOG,ORANI,3186,province,PH,,
280060,,TUGATOG,ORANI,3187,province,PH,,
280061,,TUGATOG,ORANI,3188,province,PH,,
280062,,TUGATOG,ORANI,3189,province,PH,,
280063,,TUGATOG,ORANI,3190,province,PH,,
280064,,TUGATOG,ORANI,3191,province,PH,,
280065,,TUGATOG,ORANI,3192,province,PH,,
280066,,TUGATOG,ORANI,3193,province,PH,,
280067,,TUGATOG,ORANI,3194,province,PH,,
280068,,TUGATOG,ORANI,3195,province,PH,,
280069,,TUGATOG,ORANI,3196,province,PH,,
280070,,TUGATOG,ORANI,3197,province,PH,,
280071,,TUGATOG,ORANI,3198,province,PH,,
280072,,TUGATOG,ORANI,3199,province,PH,,
280073,,TUGATOG,ORANI,3200,province,PH,,
280074,,TUGATOG,ORANI,3201,province,PH,,
280075,,TUGATOG,ORANI,3202,province,PH,,
280076,,TUGATOG,ORANI,3203,province,PH,,
280077,,TUGATOG,ORANI,3204,province,PH,,
280078,,TUGATOG,ORANI,3205,province,PH,,
280079,,TUGATOG,ORANI,3206,province,PH,,
280080,,TUGATOG,ORANI,3207,province,PH,,
280081,,TUGATOG,ORANI,3208,province,PH,,
280082,,TUGATOG,ORANI,3209,province,PH,,
280083,,TUGATOG,ORANI,3210,province,PH,,
280084,,TUGATOG,ORANI,3211,province,PH,,
280085,,TUGATOG,ORANI,3212,province,PH,,
280086,,TUGATOG,ORANI,3213,province,PH,,
280087,,TUGATOG,ORANI,3214,province,PH,,
280088,,TUGATOG,ORANI,3215,province,PH,,
280089,,TUGATOG,ORANI,3216,province,PH,,
280090,,TUGATOG,ORANI,3217,province,PH,,
280091,,TUGATOG,ORANI,3218,province,PH,,
280092,,TUGATOG,ORANI,3219,province,PH,,
280093,,TUGATOG,ORANI,3220,province,PH,,
280094,,TUGATOG,ORANI,3221,province,PH,,
280095,,TUGATOG,ORANI,3222,province,PH,,
280096,,TUGATOG,ORANI,3223,province,PH,,
280097,,TUGATOG,ORANI,3224,province,PH,,
280098,,TUGATOG,ORANI,3225,province,PH,,
280099,,TUGATOG,ORANI,3226,province,PH,,
280100,,TUGATOG,ORANI,3227,province,PH,,
280101,,TUGATOG,ORANI,3228,province,PH,,
280102,,TUGATOG,ORANI,3229,province,PH,,
280103,,TUGATOG,ORANI,3230,province,PH,,
280104,,TUGATOG,ORANI,3231,province,PH,,
280105,,TUGATOG,ORANI,3232,province,PH,,
280106,,TUGATOG,ORANI,3233,province,PH,,
280107,,TUGATOG,ORANI,3234,province,PH,,
280108,,TUGATOG,ORANI,3235,province,PH,,
280109,,TUGATOG,ORANI,3236,province,PH,,
280110,,TUGATOG,ORANI,3237,province,PH,,
280111,,TUGATOG,ORANI,3238,province,PH,,
280112,,TUGATOG,ORANI,3239,province,PH,,
280113,,TUGATOG,ORANI,3240,province,PH,,
280114,,TUGATOG,ORANI,3241,province,PH,,
280115,,TUGATOG,ORANI,3242,province,PH,,
280116,,TUGATOG,ORANI,3243,province,PH,,
280117,,TUGATOG,ORANI,3244,province,PH,,
280118,,TUGATOG,ORANI,3245,province,PH,,
280119,,TUGATOG,ORANI,3246,province,PH,,
280120,,TUGATOG,ORANI,3247,province,PH,,
280121,,TUGATOG,ORANI,3248,province,PH,,
280122,,TUGATOG,ORANI,3249,province,PH,,
280123,,TUGATOG,ORANI,3250,province,PH,,
280124,,TUGATOG,ORANI,3251,province,PH,,
280125,,TUGATOG,ORANI,3252,province,PH,,
280126,,TUGATOG,ORANI,3253,province,PH,,
280127,,TUGATOG,ORANI,3254,province,PH,,
280128,,TUGATOG,ORANI,3255,province,PH,,
280129,,TUGATOG,ORANI,3256,province,PH,,
280130,,TUGATOG,ORANI,3257,province,PH,,
280131,,TUGATOG,ORANI,3258,province,PH,,
280132,,TUGATOG,ORANI,3259,province,PH,,
280133,,TUGATOG,ORANI,3260,province,PH,,
280134,,TUGATOG,ORANI,3261,province,PH,,
280135,,TUGATOG,ORANI,3262,province,PH,,
280136,,TUGATOG,ORANI,3263,province,PH,,
280137,,TUGATOG,ORANI,3264,province,PH,,
280138,,TUGATOG,ORANI,3265,province,PH,,
280139,,TUGATOG,ORANI,3266,province,PH,,
280140,,TUGATOG,ORANI,3267,province,PH,,
280141,,TUGATOG,ORANI,3268,province,PH,,
280142,,TUGATOG,ORANI,3269,province,PH,,
280143,,TUGATOG,ORANI,3270,province,PH,,
280144,,TUGATOG,ORANI,3271,province,PH,,
280145,,TUGATOG,ORANI,3272,province,PH,,
280146,,TUGATOG,ORANI,3273,province,PH,,
280147,,TUGATOG,ORANI,3274,province,PH,,
280148,,TUGATOG,ORANI,3275,province,PH,,
280149,,TUGATOG,ORANI,3276,province,PH,,
280150,,TUGATOG,ORANI,3277,province,PH,,
280151,,TUGATOG,ORANI,3278,province,PH,,
280152,,TUGATOG,ORANI,3279,province,PH,,
280153,,TUGATOG,ORANI,3280,province,PH,,
280154,,TUGATOG,ORANI,3281,province,PH,,
280155,,TUGATOG,ORANI,3282,province,PH,,
280156,,TUGATOG,ORANI,3283,province,PH,,
280157,,TUGATOG,ORANI,3284,province,PH,,
280158,,TUGATOG,ORANI,3285,province,PH,,
280159,,TUGATOG,ORANI,3286,province,PH,,
280160,,TUGATOG,ORANI,3287,province,PH,,
280161,,TUGATOG,ORANI,3288,province,PH,,
280162,,TUGATOG,ORANI,3289,province,PH,,
280163,,TUGATOG,ORANI,3290,province,PH,,
280164,,TUGATOG,ORANI,3291,province,PH,,
280165,,TUGATOG,ORANI,3292,province,PH,,
280166,,TUGATOG,ORANI,3293,province,PH,,
280167,,TUGATOG,ORANI,3294,province,PH,,
280168,,TUGATOG,ORANI,3295,province,PH,,
280169,,TUGATOG,ORANI,3296,province,PH,,
280170,,TUGATOG,ORANI,3297,province,PH,,
280171,,TUGATOG,ORANI,3298,province,PH,,
280172,,TUGATOG,ORANI,3299,province,PH,,
280173,,TUGATOG,ORANI,3300,province,PH,,
280174,,TUGATOG,ORANI,3301,province,PH,,
280175,,TUGATOG,ORANI,3302,province,PH,,
280176,,TUGATOG,ORANI,3303,province,PH,,
280177,,TUGATOG,ORANI,3304,province,PH,,
280178,,TUGATOG,ORANI,3305,province,PH,,
280179,,TUGATOG,ORANI,3306,province,PH,,
280180,,TUGATOG,ORANI,3307,province,PH,,
280181,,TUGATOG,ORANI,3308,province,PH,,
280182,,TUGATOG,ORANI,3309,province,PH,,
280183,,TUGATOG,ORANI,3310,province,PH,,
280184,,TUGATOG,ORANI,3311,province,PH,,
280185,,TUGATOG,ORANI,3312,province,PH,,
280186,,TUGATOG,ORANI,3313,province,PH,,
280187,,TUGATOG,ORANI,3314,province,PH,,
280188,,TUGATOG,ORANI,3315,province,PH,,
280189,,TUGATOG,ORANI,3316,province,PH,,
280190,,TUGATOG,ORANI,3317,province,PH,,
280191,,TUGATOG,ORANI,3318,province,PH,,
280192,,TUGATOG,ORANI,3319,province,PH,,
280193,,TUGATOG,ORANI,3320,province,PH,,
280194,,TUGATOG,ORANI,3321,province,PH,,
280195,,TUGATOG,ORANI,3322,province,PH,,
280196,,TUGATOG,ORANI,3323,province,PH,,
280197,,TUGATOG,ORANI,3324,province,PH,,
280198,,TUGATOG,ORANI,3325,province,PH,,
280199,,TUGATOG,ORANI,3326,province,PH,,
280200,,TUGATOG,ORANI,3327,province,PH,,
280201,,TUGATOG,ORANI,3328,province,PH,,
280202,,TUGATOG,ORANI,3329,province,PH,,
280203,,TUGATOG,ORANI,3330,province,PH,,
280204,,TUGATOG,ORANI,3331,province,PH,,
280205,,TUGATOG,ORANI,3332,province,PH,,
280206,,TUGATOG,ORANI,3333,province,PH,,
280207,,TUGATOG,ORANI,3334,province,PH,,
280208,,TUGATOG,ORANI,3335,province,PH,,
280209,,TUGATOG,ORANI,3336,province,PH,,
280210,,TUGATOG,ORANI,3337,province,PH,,
280211,,TUGATOG,ORANI,3338,province,PH,,
280212,,TUGATOG,ORANI,3339,province,PH,,
280213,,TUGATOG,ORANI,3340,province,PH,,
280214,,TUGATOG,ORANI,3341,province,PH,,
280215,,TUGATOG,ORANI,3342,province,PH,,
280216,,TUGATOG,ORANI,3343,province,PH,,
280217,,TUGATOG,ORANI,3344,province,PH,,
280218,,TUGATOG,ORANI,3345,province,PH,,
280219,,TUGATOG,ORANI,3346,province,PH,,
280220,,TUGATOG,ORANI,3347,province,PH,,
280221,,TUGATOG,ORANI,3348,province,PH,,
280222,,TUGATOG,ORANI,3349,province,PH,,
280223,,TUGATOG,ORANI,3350,province,PH,,
280224,,TUGATOG,ORANI,3351,province,PH,,
280225,,TUGATOG,ORANI,3352,province,PH,,
280226,,TUGATOG,ORANI,3353,province,PH,,
280227,,TUGATOG,ORANI,3354,province,PH,,
280228,,TUGATOG,ORANI,3355,province,PH,,
280229,,TUGATOG,ORANI,3356,province,PH,,
280230,,TUGATOG,ORANI,3357,province,PH,,
280231,,TUGATOG,ORANI,3358,province,PH,,
280232,,TUGATOG,ORANI,3359,province,PH,,
280233,,TUGATOG,ORANI,3360,province,PH,,
280234,,TUGATOG,ORANI,3361,province,PH,,
280235,,TUGATOG,ORANI,3362,province,PH,,
280236,,TUGATOG,ORANI,3363,province,PH,,
280237,,TUGATOG,ORANI,3364,province,PH,,
280238,,TUGATOG,ORANI,3365,province,PH,,
280239,,TUGATOG,ORANI,3366,province,PH,,
280240,,TUGATOG,ORANI,3367,province,PH,,
280241,,TUGATOG,ORANI,3368,province,PH,,
280242,,TUGATOG,ORANI,3369,province,PH,,
280243,,TUGATOG,ORANI,3370,province,PH,,
280244,,TUGATOG,ORANI,3371,province,PH,,
280245,,TUGATOG,ORANI,3372,province,PH,,
280246,,TUGATOG,ORANI,3373,province,PH,,
280247,,TUGATOG,ORANI,3374,province,PH,,
280248,,TUGATOG,ORANI,3375,province,PH,,
280249,,TUGATOG,ORANI,3376,province,PH,,
280250,,TUGATOG,ORANI,3377,province,PH,,
280251,,TUGATOG,ORANI,3378,province,PH,,
280252,,TUGATOG,ORANI,3379,province,PH,,
280253,,TUGATOG,ORANI,3380,province,PH,,
280254,,TUGATOG,ORANI,3381,province,PH,,
280255,,TUGATOG,ORANI,3382,province,PH,,
280256,,TUGATOG,ORANI,3383,province,PH,,
280257,,TUGATOG,ORANI,3384,province,PH,,
280258,,TUGATOG,ORANI,3385,province,PH,,
280259,,TUGATOG,ORANI,3386,province,PH,,
280260,,TUGATOG,ORANI,3387,province,PH,,
280261,,TUGATOG,ORANI,3388,province,PH,,
280262,,TUGATOG,ORANI,3389,province,PH,,
280263,,TUGATOG,ORANI,3390,province,PH,,
280264,,TUGATOG,ORANI,3391,province,PH,,
280265,,TUGATOG,ORANI,3392,province,PH,,
280266,,TUGATOG,ORANI,3393,province,PH,,
280267,,TUGATOG,ORANI,3394,province,PH,,
280268,,TUGATOG,ORANI,3395,province,PH,,
280269,,TUGATOG,ORANI,3396,province,PH,,
280270,,TUGATOG,ORANI,3397,province,PH,,
280271,,TUGATOG,ORANI,3398,province,PH,,
280272,,TUGATOG,ORANI,3399,province,PH,,
280273,,TUGATOG,ORANI,3400,province,PH,,
280274,,TUGATOG,ORANI,3401,province,PH,,
280275,,TUGATOG,ORANI,3402,province,PH,,
280276,,TUGATOG,ORANI,3403,province,PH,,
280277,,TUGATOG,ORANI,3404,province,PH,,
280278,,TUGATOG,ORANI,3405,province,PH,,
280279,,TUGATOG,ORANI,3406,province,PH,,
280280,,TUGATOG,ORANI,3407,province,PH,,
280281,,TUGATOG,ORANI,3408,province,PH,,
290001,,WAWA,ORANI,3409,province,PH,,
290002,,WAWA,ORANI,3410,province,PH,,
290003,,WAWA,ORANI,3411,province,PH,,
290004,,WAWA,ORANI,3412,province,PH,,
290005,,WAWA,ORANI,3413,province,PH,,
290006,,WAWA,ORANI,3414,province,PH,,
290007,,WAWA,ORANI,3415,province,PH,,
290008,,WAWA,ORANI,3416,province,PH,,
290009,,WAWA,ORANI,3417,province,PH,,
290010,,WAWA,ORANI,3418,province,PH,,
290011,,WAWA,ORANI,3419,province,PH,,
290012,,WAWA,ORANI,3420,province,PH,,
290013,,WAWA,ORANI,3421,province,PH,,
290014,,WAWA,ORANI,3422,province,PH,,
290015,,WAWA,ORANI,3423,province,PH,,
290016,,WAWA,ORANI,3424,province,PH,,
290017,,WAWA,ORANI,3425,province,PH,,
290018,,WAWA,ORANI,3426,province,PH,,
290019,,WAWA,ORANI,3427,province,PH,,
290020,,WAWA,ORANI,3428,province,PH,,
290021,,WAWA,ORANI,3429,province,PH,,
290022,,WAWA,ORANI,3430,province,PH,,
290023,,WAWA,ORANI,3431,province,PH,,
290024,,WAWA,ORANI,3432,province,PH,,
290025,,WAWA,ORANI,3433,province,PH,,
290026,,WAWA,ORANI,3434,province,PH,,
290027,,WAWA,ORANI,3435,province,PH,,
290028,,WAWA,ORANI,3436,province,PH,,
290029,,WAWA,ORANI,3437,province,PH,,
290030,,WAWA,ORANI,3438,province,PH,,
290031,,WAWA,ORANI,3439,province,PH,,
290032,,WAWA,ORANI,3440,province,PH,,
290033,,WAWA,ORANI,3441,province,PH,,
290034,,WAWA,ORANI,3442,province,PH,,
290035,,WAWA,ORANI,3443,province,PH,,
290036,,WAWA,ORANI,3444,province,PH,,
290037,,WAWA,ORANI,3445,province,PH,,
290038,,WAWA,ORANI,3446,province,PH,,
290039,,WAWA,ORANI,3447,province,PH,,
290040,,WAWA,ORANI,3448,province,PH,,
290041,,WAWA,ORANI,3449,province,PH,,
290042,,WAWA,ORANI,3450,province,PH,,
290043,,WAWA,ORANI,3451,province,PH,,
290044,,WAWA,ORANI,3452,province,PH,,
290045,,WAWA,ORANI,3453,province,PH,,
290046,,WAWA,ORANI,3454,province,PH,,
290047,,WAWA,ORANI,3455,province,PH,,
290048,,WAWA,ORANI,3456,province,PH,,
290049,,WAWA,ORANI,3457,province,PH,,
290050,,WAWA,ORANI,3458,province,PH,,
290051,,WAWA,ORANI,3459,province,PH,,
290052,,WAWA,ORANI,3460,province,PH,,
290053,,WAWA,ORANI,3461,province,PH,,
290054,,WAWA,ORANI,3462,province,PH,,
290055,,WAWA,ORANI,3463,province,PH,,
290056,,WAWA,ORANI,3464,province,PH,,
290057,,WAWA,ORANI,3465,province,PH,,
290058,,WAWA,ORANI,3466,province,PH,,
290059,,WAWA,ORANI,3467,province,PH,,
290060,,WAWA,ORANI,3468,province,PH,,
290061,,WAWA,ORANI,3469,province,PH,,
290062,,WAWA,ORANI,3470,province,PH,,
290063,,WAWA,ORANI,3471,province,PH,,
290064,,WAWA,ORANI,3472,province,PH,,
290065,,WAWA,ORANI,3473,province,PH,,
290066,,WAWA,ORANI,3474,province,PH,,
290067,,WAWA,ORANI,3475,province,PH,,
290068,,WAWA,ORANI,3476,province,PH,,
290069,,WAWA,ORANI,3477,province,PH,,
290070,,WAWA,ORANI,3478,province,PH,,
290071,,WAWA,ORANI,3479,province,PH,,
290072,,WAWA,ORANI,3480,province,PH,,
290073,,WAWA,ORANI,3481,province,PH,,
290074,,WAWA,ORANI,3482,province,PH,,
290075,,WAWA,ORANI,3483,province,PH,,
290076,,WAWA,ORANI,3484,province,PH,,
290077,,WAWA,ORANI,3485,province,PH,,
290078,,WAWA,ORANI,3486,province,PH,,
290079,,WAWA,ORANI,3487,province,PH,,
290080,,WAWA,ORANI,3488,province,PH,,
290081,,WAWA,ORANI,3489,province,PH,,
290082,,WAWA,ORANI,3490,province,PH,,
290083,,WAWA,ORANI,3491,province,PH,,
290084,,WAWA,ORANI,3492,province,PH,,
290085,,WAWA,ORANI,3493,province,PH,,
290086,,WAWA,ORANI,3494,province,PH,,
260001,,TAPULAO,ORANI,3495,province,PH,,
260002,,TAPULAO,ORANI,3496,province,PH,,
260003,,TAPULAO,ORANI,3497,province,PH,,
260004,,TAPULAO,ORANI,3498,province,PH,,
260005,,TAPULAO,ORANI,3499,province,PH,,
260006,,TAPULAO,ORANI,3500,province,PH,,
260007,,TAPULAO,ORANI,3501,province,PH,,
260008,,TAPULAO,ORANI,3502,province,PH,,
260009,,TAPULAO,ORANI,3503,province,PH,,
260010,,TAPULAO,ORANI,3504,province,PH,,
260011,,TAPULAO,ORANI,3505,province,PH,,
260012,,TAPULAO,ORANI,3506,province,PH,,
260013,,TAPULAO,ORANI,3507,province,PH,,
260014,,TAPULAO,ORANI,3508,province,PH,,
260015,,TAPULAO,ORANI,3509,province,PH,,
260016,,TAPULAO,ORANI,3510,province,PH,,
260017,,TAPULAO,ORANI,3511,province,PH,,
260018,,TAPULAO,ORANI,3512,province,PH,,
260019,,TAPULAO,ORANI,3513,province,PH,,
260020,,TAPULAO,ORANI,3514,province,PH,,
260021,,TAPULAO,ORANI,3515,province,PH,,
260022,,TAPULAO,ORANI,3516,province,PH,,
260023,,TAPULAO,ORANI,3517,province,PH,,
260024,,TAPULAO,ORANI,3518,province,PH,,
260025,,TAPULAO,ORANI,3519,province,PH,,
260026,,TAPULAO,ORANI,3520,province,PH,,
260027,,TAPULAO,ORANI,3521,province,PH,,
260028,,TAPULAO,ORANI,3522,province,PH,,
260029,,TAPULAO,ORANI,3523,province,PH,,
260030,,TAPULAO,ORANI,3524,province,PH,,
260031,,TAPULAO,ORANI,3525,province,PH,,
260032,,TAPULAO,ORANI,3526,province,PH,,
260033,,TAPULAO,ORANI,3527,province,PH,,
260034,,TAPULAO,ORANI,3528,province,PH,,
260035,,TAPULAO,ORANI,3529,province,PH,,
260036,,TAPULAO,ORANI,3530,province,PH,,
260037,,TAPULAO,ORANI,3531,province,PH,,
260038,,TAPULAO,ORANI,3532,province,PH,,
260039,,TAPULAO,ORANI,3533,province,PH,,
260040,,TAPULAO,ORANI,3534,province,PH,,
260041,,TAPULAO,ORANI,3535,province,PH,,
260042,,TAPULAO,ORANI,3536,province,PH,,
260043,,TAPULAO,ORANI,3537,province,PH,,
260044,,TAPULAO,ORANI,3538,province,PH,,
260045,,TAPULAO,ORANI,3539,province,PH,,
260046,,TAPULAO,ORANI,3540,province,PH,,
260047,,TAPULAO,ORANI,3541,province,PH,,
260048,,TAPULAO,ORANI,3542,province,PH,,
260049,,TAPULAO,ORANI,3543,province,PH,,
260050,,TAPULAO,ORANI,3544,province,PH,,
260051,,TAPULAO,ORANI,3545,province,PH,,
260052,,TAPULAO,ORANI,3546,province,PH,,
260053,,TAPULAO,ORANI,3547,province,PH,,
260054,,TAPULAO,ORANI,3548,province,PH,,
260055,,TAPULAO,ORANI,3549,province,PH,,
260056,,TAPULAO,ORANI,3550,province,PH,,
260057,,TAPULAO,ORANI,3551,province,PH,,
260058,,TAPULAO,ORANI,3552,province,PH,,
260059,,TAPULAO,ORANI,3553,province,PH,,
260060,,TAPULAO,ORANI,3554,province,PH,,
260061,,TAPULAO,ORANI,3555,province,PH,,
260062,,TAPULAO,ORANI,3556,province,PH,,
260063,,TAPULAO,ORANI,3557,province,PH,,
260064,,TAPULAO,ORANI,3558,province,PH,,
260065,,TAPULAO,ORANI,3559,province,PH,,
260066,,TAPULAO,ORANI,3560,province,PH,,
260067,,TAPULAO,ORANI,3561,province,PH,,
260068,,TAPULAO,ORANI,3562,province,PH,,
260069,,TAPULAO,ORANI,3563,province,PH,,
260070,,TAPULAO,ORANI,3564,province,PH,,
260071,,TAPULAO,ORANI,3565,province,PH,,
260072,,TAPULAO,ORANI,3566,province,PH,,
260073,,TAPULAO,ORANI,3567,province,PH,,
260074,,TAPULAO,ORANI,3568,province,PH,,
260075,,TAPULAO,ORANI,3569,province,PH,,
260076,,TAPULAO,ORANI,3570,province,PH,,
260077,,TAPULAO,ORANI,3571,province,PH,,
260078,,TAPULAO,ORANI,3572,province,PH,,
260079,,TAPULAO,ORANI,3573,province,PH,,
260080,,TAPULAO,ORANI,3574,province,PH,,
260081,,TAPULAO,ORANI,3575,province,PH,,
260082,,TAPULAO,ORANI,3576,province,PH,,
260083,,TAPULAO,ORANI,3577,province,PH,,
260084,,TAPULAO,ORANI,3578,province,PH,,
260085,,TAPULAO,ORANI,3579,province,PH,,
260086,,TAPULAO,ORANI,3580,province,PH,,
260087,,TAPULAO,ORANI,3581,province,PH,,
260088,,TAPULAO,ORANI,3582,province,PH,,
260089,,TAPULAO,ORANI,3583,province,PH,,
260090,,TAPULAO,ORANI,3584,province,PH,,
260091,,TAPULAO,ORANI,3585,province,PH,,
260092,,TAPULAO,ORANI,3586,province,PH,,
260093,,TAPULAO,ORANI,3587,province,PH,,
260094,,TAPULAO,ORANI,3588,province,PH,,
260095,,TAPULAO,ORANI,3589,province,PH,,
260096,,TAPULAO,ORANI,3590,province,PH,,
260097,,TAPULAO,ORANI,3591,province,PH,,
260098,,TAPULAO,ORANI,3592,province,PH,,
260099,,TAPULAO,ORANI,3593,province,PH,,
260100,,TAPULAO,ORANI,3594,province,PH,,
260101,,TAPULAO,ORANI,3595,province,PH,,
260102,,TAPULAO,ORANI,3596,province,PH,,
260103,,TAPULAO,ORANI,3597,province,PH,,
260104,,TAPULAO,ORANI,3598,province,PH,,
260105,,TAPULAO,ORANI,3599,province,PH,,
260106,,TAPULAO,ORANI,3600,province,PH,,
260107,,TAPULAO,ORANI,3601,province,PH,,
260108,,TAPULAO,ORANI,3602,province,PH,,
260109,,TAPULAO,ORANI,3603,province,PH,,
260110,,TAPULAO,ORANI,3604,province,PH,,
260111,,TAPULAO,ORANI,3605,province,PH,,
260112,,TAPULAO,ORANI,3606,province,PH,,
260113,,TAPULAO,ORANI,3607,province,PH,,
260114,,TAPULAO,ORANI,3608,province,PH,,
260115,,TAPULAO,ORANI,3609,province,PH,,
260116,,TAPULAO,ORANI,3610,province,PH,,
260117,,TAPULAO,ORANI,3611,province,PH,,
260118,,TAPULAO,ORANI,3612,province,PH,,
260119,,TAPULAO,ORANI,3613,province,PH,,
260120,,TAPULAO,ORANI,3614,province,PH,,
260121,,TAPULAO,ORANI,3615,province,PH,,
260122,,TAPULAO,ORANI,3616,province,PH,,
260123,,TAPULAO,ORANI,3617,province,PH,,
260124,,TAPULAO,ORANI,3618,province,PH,,
260125,,TAPULAO,ORANI,3619,province,PH,,
260126,,TAPULAO,ORANI,3620,province,PH,,
260127,,TAPULAO,ORANI,3621,province,PH,,
260128,,TAPULAO,ORANI,3622,province,PH,,
260129,,TAPULAO,ORANI,3623,province,PH,,
260130,,TAPULAO,ORANI,3624,province,PH,,
260131,,TAPULAO,ORANI,3625,province,PH,,
260132,,TAPULAO,ORANI,3626,province,PH,,
260133,,TAPULAO,ORANI,3627,province,PH,,
260134,,TAPULAO,ORANI,3628,province,PH,,
260135,,TAPULAO,ORANI,3629,province,PH,,
260136,,TAPULAO,ORANI,3630,province,PH,,
260137,,TAPULAO,ORANI,3631,province,PH,,
260138,,TAPULAO,ORANI,3632,province,PH,,
260139,,TAPULAO,ORANI,3633,province,PH,,
260140,,TAPULAO,ORANI,3634,province,PH,,
260141,,TAPULAO,ORANI,3635,province,PH,,
260142,,TAPULAO,ORANI,3636,province,PH,,
260143,,TAPULAO,ORANI,3637,province,PH,,
260144,,TAPULAO,ORANI,3638,province,PH,,
260145,,TAPULAO,ORANI,3639,province,PH,,
260146,,TAPULAO,ORANI,3640,province,PH,,
260147,,TAPULAO,ORANI,3641,province,PH,,
260148,,TAPULAO,ORANI,3642,province,PH,,
260149,,TAPULAO,ORANI,3643,province,PH,,
260150,,TAPULAO,ORANI,3644,province,PH,,
260151,,TAPULAO,ORANI,3645,province,PH,,
260152,,TAPULAO,ORANI,3646,province,PH,,
260153,,TAPULAO,ORANI,3647,province,PH,,
260154,,TAPULAO,ORANI,3648,province,PH,,
260155,,TAPULAO,ORANI,3649,province,PH,,
260156,,TAPULAO,ORANI,3650,province,PH,,
260157,,TAPULAO,ORANI,3651,province,PH,,
260158,,TAPULAO,ORANI,3652,province,PH,,
260159,,TAPULAO,ORANI,3653,province,PH,,
260160,,TAPULAO,ORANI,3654,province,PH,,
260161,,TAPULAO,ORANI,3655,province,PH,,
260162,,TAPULAO,ORANI,3656,province,PH,,
260163,,TAPULAO,ORANI,3657,province,PH,,
260164,,TAPULAO,ORANI,3658,province,PH,,
260165,,TAPULAO,ORANI,3659,province,PH,,
260166,,TAPULAO,ORANI,3660,province,PH,,
260167,,TAPULAO,ORANI,3661,province,PH,,
260168,,TAPULAO,ORANI,3662,province,PH,,
260169,,TAPULAO,ORANI,3663,province,PH,,
260170,,TAPULAO,ORANI,3664,province,PH,,
260171,,TAPULAO,ORANI,3665,province,PH,,
260172,,TAPULAO,ORANI,3666,province,PH,,
260173,,TAPULAO,ORANI,3667,province,PH,,
260174,,TAPULAO,ORANI,3668,province,PH,,
260175,,TAPULAO,ORANI,3669,province,PH,,
260176,,TAPULAO,ORANI,3670,province,PH,,
260177,,TAPULAO,ORANI,3671,province,PH,,
260178,,TAPULAO,ORANI,3672,province,PH,,
260179,,TAPULAO,ORANI,3673,province,PH,,
260180,,TAPULAO,ORANI,3674,province,PH,,
260181,,TAPULAO,ORANI,3675,province,PH,,
260182,,TAPULAO,ORANI,3676,province,PH,,
260183,,TAPULAO,ORANI,3677,province,PH,,
260184,,TAPULAO,ORANI,3678,province,PH,,
260185,,TAPULAO,ORANI,3679,province,PH,,
260186,,TAPULAO,ORANI,3680,province,PH,,
260187,,TAPULAO,ORANI,3681,province,PH,,
260188,,TAPULAO,ORANI,3682,province,PH,,
260189,,TAPULAO,ORANI,3683,province,PH,,
260190,,TAPULAO,ORANI,3684,province,PH,,
260191,,TAPULAO,ORANI,3685,province,PH,,
260192,,TAPULAO,ORANI,3686,province,PH,,
260193,,TAPULAO,ORANI,3687,province,PH,,
260194,,TAPULAO,ORANI,3688,province,PH,,
260195,,TAPULAO,ORANI,3689,province,PH,,
260196,,TAPULAO,ORANI,3690,province,PH,,
260197,,TAPULAO,ORANI,3691,province,PH,,
260198,,TAPULAO,ORANI,3692,province,PH,,
260199,,TAPULAO,ORANI,3693,province,PH,,
260200,,TAPULAO,ORANI,3694,province,PH,,
260201,,TAPULAO,ORANI,3695,province,PH,,
260202,,TAPULAO,ORANI,3696,province,PH,,
260203,,TAPULAO,ORANI,3697,province,PH,,
260204,,TAPULAO,ORANI,3698,province,PH,,
260205,,TAPULAO,ORANI,3699,province,PH,,
260206,,TAPULAO,ORANI,3700,province,PH,,
260207,,TAPULAO,ORANI,3701,province,PH,,
260208,,TAPULAO,ORANI,3702,province,PH,,
260209,,TAPULAO,ORANI,3703,province,PH,,
260210,,TAPULAO,ORANI,3704,province,PH,,
260211,,TAPULAO,ORANI,3705,province,PH,,
260212,,TAPULAO,ORANI,3706,province,PH,,
260213,,TAPULAO,ORANI,3707,province,PH,,
260214,,TAPULAO,ORANI,3708,province,PH,,
260215,,TAPULAO,ORANI,3709,province,PH,,
260216,,TAPULAO,ORANI,3710,province,PH,,
260217,,TAPULAO,ORANI,3711,province,PH,,
260218,,TAPULAO,ORANI,3712,province,PH,,
260219,,TAPULAO,ORANI,3713,province,PH,,
260220,,TAPULAO,ORANI,3714,province,PH,,
260221,,TAPULAO,ORANI,3715,province,PH,,
260222,,TAPULAO,ORANI,3716,province,PH,,
260223,,TAPULAO,ORANI,3717,province,PH,,
260224,,TAPULAO,ORANI,3718,province,PH,,
260225,,TAPULAO,ORANI,3719,province,PH,,
260226,,TAPULAO,ORANI,3720,province,PH,,
260227,,TAPULAO,ORANI,3721,province,PH,,
260228,,TAPULAO,ORANI,3722,province,PH,,
260229,,TAPULAO,ORANI,3723,province,PH,,
260230,,TAPULAO,ORANI,3724,province,PH,,
260231,,TAPULAO,ORANI,3725,province,PH,,
260232,,TAPULAO,ORANI,3726,province,PH,,
260233,,TAPULAO,ORANI,3727,province,PH,,
260234,,TAPULAO,ORANI,3728,province,PH,,
260235,,TAPULAO,ORANI,3729,province,PH,,
260236,,TAPULAO,ORANI,3730,province,PH,,
260237,,TAPULAO,ORANI,3731,province,PH,,
260238,,TAPULAO,ORANI,3732,province,PH,,
260239,,TAPULAO,ORANI,3733,province,PH,,
260240,,TAPULAO,ORANI,3734,province,PH,,
260241,,TAPULAO,ORANI,3735,province,PH,,
260242,,TAPULAO,ORANI,3736,province,PH,,
260243,,TAPULAO,ORANI,3737,province,PH,,
260244,,TAPULAO,ORANI,3738,province,PH,,
260245,,TAPULAO,ORANI,3739,province,PH,,
260246,,TAPULAO,ORANI,3740,province,PH,,
260247,,TAPULAO,ORANI,3741,province,PH,,
260248,,TAPULAO,ORANI,3742,province,PH,,
260249,,TAPULAO,ORANI,3743,province,PH,,
260250,,TAPULAO,ORANI,3744,province,PH,,
20001,,BAGONG PARAISO,ORANI,3745,province,PH,,
20002,,BAGONG PARAISO,ORANI,3746,province,PH,,
20003,,BAGONG PARAISO,ORANI,3747,province,PH,,
20004,,BAGONG PARAISO,ORANI,3748,province,PH,,
20005,,BAGONG PARAISO,ORANI,3749,province,PH,,
20006,,BAGONG PARAISO,ORANI,3750,province,PH,,
20007,,BAGONG PARAISO,ORANI,3751,province,PH,,
20008,,BAGONG PARAISO,ORANI,3752,province,PH,,
20009,,BAGONG PARAISO,ORANI,3753,province,PH,,
20010,,BAGONG PARAISO,ORANI,3754,province,PH,,
20011,,BAGONG PARAISO,ORANI,3755,province,PH,,
20012,,BAGONG PARAISO,ORANI,3756,province,PH,,
20013,,BAGONG PARAISO,ORANI,3757,province,PH,,
20014,,BAGONG PARAISO,ORANI,3758,province,PH,,
20015,,BAGONG PARAISO,ORANI,3759,province,PH,,
20016,,BAGONG PARAISO,ORANI,3760,province,PH,,
20017,,BAGONG PARAISO,ORANI,3761,province,PH,,
20018,,BAGONG PARAISO,ORANI,3762,province,PH,,
20019,,BAGONG PARAISO,ORANI,3763,province,PH,,
20020,,BAGONG PARAISO,ORANI,3764,province,PH,,
20021,,BAGONG PARAISO,ORANI,3765,province,PH,,
20022,,BAGONG PARAISO,ORANI,3766,province,PH,,
20023,,BAGONG PARAISO,ORANI,3767,province,PH,,
20024,,BAGONG PARAISO,ORANI,3768,province,PH,,
20025,,BAGONG PARAISO,ORANI,3769,province,PH,,
20026,,BAGONG PARAISO,ORANI,3770,province,PH,,
20027,,BAGONG PARAISO,ORANI,3771,province,PH,,
20028,,BAGONG PARAISO,ORANI,3772,province,PH,,
20029,,BAGONG PARAISO,ORANI,3773,province,PH,,
20030,,BAGONG PARAISO,ORANI,3774,province,PH,,
20031,,BAGONG PARAISO,ORANI,3775,province,PH,,
20032,,BAGONG PARAISO,ORANI,3776,province,PH,,
20033,,BAGONG PARAISO,ORANI,3777,province,PH,,
20034,,BAGONG PARAISO,ORANI,3778,province,PH,,
20035,,BAGONG PARAISO,ORANI,3779,province,PH,,
20036,,BAGONG PARAISO,ORANI,3780,province,PH,,
20037,,BAGONG PARAISO,ORANI,3781,province,PH,,
20038,,BAGONG PARAISO,ORANI,3782,province,PH,,
20039,,BAGONG PARAISO,ORANI,3783,province,PH,,
20040,,BAGONG PARAISO,ORANI,3784,province,PH,,
20041,,BAGONG PARAISO,ORANI,3785,province,PH,,
20042,,BAGONG PARAISO,ORANI,3786,province,PH,,
20043,,BAGONG PARAISO,ORANI,3787,province,PH,,
20044,,BAGONG PARAISO,ORANI,3788,province,PH,,
20045,,BAGONG PARAISO,ORANI,3789,province,PH,,
20046,,BAGONG PARAISO,ORANI,3790,province,PH,,
20047,,BAGONG PARAISO,ORANI,3791,province,PH,,
20048,,BAGONG PARAISO,ORANI,3792,province,PH,,
20049,,BAGONG PARAISO,ORANI,3793,province,PH,,
20050,,BAGONG PARAISO,ORANI,3794,province,PH,,
20051,,BAGONG PARAISO,ORANI,3795,province,PH,,
20052,,BAGONG PARAISO,ORANI,3796,province,PH,,
20053,,BAGONG PARAISO,ORANI,3797,province,PH,,
20054,,BAGONG PARAISO,ORANI,3798,province,PH,,
20055,,BAGONG PARAISO,ORANI,3799,province,PH,,
20056,,BAGONG PARAISO,ORANI,3800,province,PH,,
20057,,BAGONG PARAISO,ORANI,3801,province,PH,,
20058,,BAGONG PARAISO,ORANI,3802,province,PH,,
20059,,BAGONG PARAISO,ORANI,3803,province,PH,,
20060,,BAGONG PARAISO,ORANI,3804,province,PH,,
20061,,BAGONG PARAISO,ORANI,3805,province,PH,,
20062,,BAGONG PARAISO,ORANI,3806,province,PH,,
20063,,BAGONG PARAISO,ORANI,3807,province,PH,,
20064,,BAGONG PARAISO,ORANI,3808,province,PH,,
20065,,BAGONG PARAISO,ORANI,3809,province,PH,,
20066,,BAGONG PARAISO,ORANI,3810,province,PH,,
20067,,BAGONG PARAISO,ORANI,3811,province,PH,,
20068,,BAGONG PARAISO,ORANI,3812,province,PH,,
20069,,BAGONG PARAISO,ORANI,3813,province,PH,,
20070,,BAGONG PARAISO,ORANI,3814,province,PH,,
20071,,BAGONG PARAISO,ORANI,3815,province,PH,,
20072,,BAGONG PARAISO,ORANI,3816,province,PH,,
20073,,BAGONG PARAISO,ORANI,3817,province,PH,,
20074,,BAGONG PARAISO,ORANI,3818,province,PH,,
20075,,BAGONG PARAISO,ORANI,3819,province,PH,,
20076,,BAGONG PARAISO,ORANI,3820,province,PH,,
20077,,BAGONG PARAISO,ORANI,3821,province,PH,,
20078,,BAGONG PARAISO,ORANI,3822,province,PH,,
20079,,BAGONG PARAISO,ORANI,3823,province,PH,,
20080,,BAGONG PARAISO,ORANI,3824,province,PH,,
20081,,BAGONG PARAISO,ORANI,3825,province,PH,,
20082,,BAGONG PARAISO,ORANI,3826,province,PH,,
20083,,BAGONG PARAISO,ORANI,3827,province,PH,,
20084,,BAGONG PARAISO,ORANI,3828,province,PH,,
20085,,BAGONG PARAISO,ORANI,3829,province,PH,,
20086,,BAGONG PARAISO,ORANI,3830,province,PH,,
20087,,BAGONG PARAISO,ORANI,3831,province,PH,,
20088,,BAGONG PARAISO,ORANI,3832,province,PH,,
20089,,BAGONG PARAISO,ORANI,3833,province,PH,,
20090,,BAGONG PARAISO,ORANI,3834,province,PH,,
20091,,BAGONG PARAISO,ORANI,3835,province,PH,,
20092,,BAGONG PARAISO,ORANI,3836,province,PH,,
20093,,BAGONG PARAISO,ORANI,3837,province,PH,,
20094,,BAGONG PARAISO,ORANI,3838,province,PH,,
20095,,BAGONG PARAISO,ORANI,3839,province,PH,,
20096,,BAGONG PARAISO,ORANI,3840,province,PH,,
20097,,BAGONG PARAISO,ORANI,3841,province,PH,,
20098,,BAGONG PARAISO,ORANI,3842,province,PH,,
20099,,BAGONG PARAISO,ORANI,3843,province,PH,,
20100,,BAGONG PARAISO,ORANI,3844,province,PH,,
20101,,BAGONG PARAISO,ORANI,3845,province,PH,,
20102,,BAGONG PARAISO,ORANI,3846,province,PH,,
20103,,BAGONG PARAISO,ORANI,3847,province,PH,,
20104,,BAGONG PARAISO,ORANI,3848,province,PH,,
20105,,BAGONG PARAISO,ORANI,3849,province,PH,,
20106,,BAGONG PARAISO,ORANI,3850,province,PH,,
20107,,BAGONG PARAISO,ORANI,3851,province,PH,,
20108,,BAGONG PARAISO,ORANI,3852,province,PH,,
20109,,BAGONG PARAISO,ORANI,3853,province,PH,,
20110,,BAGONG PARAISO,ORANI,3854,province,PH,,
20111,,BAGONG PARAISO,ORANI,3855,province,PH,,
20112,,BAGONG PARAISO,ORANI,3856,province,PH,,
20113,,BAGONG PARAISO,ORANI,3857,province,PH,,
20114,,BAGONG PARAISO,ORANI,3858,province,PH,,
20115,,BAGONG PARAISO,ORANI,3859,province,PH,,
20116,,BAGONG PARAISO,ORANI,3860,province,PH,,
20117,,BAGONG PARAISO,ORANI,3861,province,PH,,
20118,,BAGONG PARAISO,ORANI,3862,province,PH,,
270001,,TENEJERO,ORANI,3863,province,PH,,
270002,,TENEJERO,ORANI,3864,province,PH,,
270003,,TENEJERO,ORANI,3865,province,PH,,
270004,,TENEJERO,ORANI,3866,province,PH,,
270005,,TENEJERO,ORANI,3867,province,PH,,
270006,,TENEJERO,ORANI,3868,province,PH,,
270007,,TENEJERO,ORANI,3869,province,PH,,
270008,,TENEJERO,ORANI,3870,province,PH,,
270009,,TENEJERO,ORANI,3871,province,PH,,
270010,,TENEJERO,ORANI,3872,province,PH,,
270011,,TENEJERO,ORANI,3873,province,PH,,
270012,,TENEJERO,ORANI,3874,province,PH,,
270013,,TENEJERO,ORANI,3875,province,PH,,
270014,,TENEJERO,ORANI,3876,province,PH,,
270015,,TENEJERO,ORANI,3877,province,PH,,
270016,,TENEJERO,ORANI,3878,province,PH,,
270017,,TENEJERO,ORANI,3879,province,PH,,
270018,,TENEJERO,ORANI,3880,province,PH,,
270019,,TENEJERO,ORANI,3881,province,PH,,
270020,,TENEJERO,ORANI,3882,province,PH,,
270021,,TENEJERO,ORANI,3883,province,PH,,
270022,,TENEJERO,ORANI,3884,province,PH,,
270023,,TENEJERO,ORANI,3885,province,PH,,
270024,,TENEJERO,ORANI,3886,province,PH,,
270025,,TENEJERO,ORANI,3887,province,PH,,
270026,,TENEJERO,ORANI,3888,province,PH,,
270027,,TENEJERO,ORANI,3889,province,PH,,
270028,,TENEJERO,ORANI,3890,province,PH,,
270029,,TENEJERO,ORANI,3891,province,PH,,
270030,,TENEJERO,ORANI,3892,province,PH,,
270031,,TENEJERO,ORANI,3893,province,PH,,
270032,,TENEJERO,ORANI,3894,province,PH,,
270033,,TENEJERO,ORANI,3895,province,PH,,
270034,,TENEJERO,ORANI,3896,province,PH,,
270035,,TENEJERO,ORANI,3897,province,PH,,
270036,,TENEJERO,ORANI,3898,province,PH,,
270037,,TENEJERO,ORANI,3899,province,PH,,
270038,,TENEJERO,ORANI,3900,province,PH,,
270039,,TENEJERO,ORANI,3901,province,PH,,
270040,,TENEJERO,ORANI,3902,province,PH,,
270041,,TENEJERO,ORANI,3903,province,PH,,
270042,,TENEJERO,ORANI,3904,province,PH,,
270043,,TENEJERO,ORANI,3905,province,PH,,
270044,,TENEJERO,ORANI,3906,province,PH,,
270045,,TENEJERO,ORANI,3907,province,PH,,
270046,,TENEJERO,ORANI,3908,province,PH,,
270047,,TENEJERO,ORANI,3909,province,PH,,
270048,,TENEJERO,ORANI,3910,province,PH,,
270049,,TENEJERO,ORANI,3911,province,PH,,
270050,,TENEJERO,ORANI,3912,province,PH,,
270051,,TENEJERO,ORANI,3913,province,PH,,
270052,,TENEJERO,ORANI,3914,province,PH,,
270053,,TENEJERO,ORANI,3915,province,PH,,
270054,,TENEJERO,ORANI,3916,province,PH,,
270055,,TENEJERO,ORANI,3917,province,PH,,
270056,,TENEJERO,ORANI,3918,province,PH,,
270057,,TENEJERO,ORANI,3919,province,PH,,
270058,,TENEJERO,ORANI,3920,province,PH,,
270059,,TENEJERO,ORANI,3921,province,PH,,
270060,,TENEJERO,ORANI,3922,province,PH,,
270061,,TENEJERO,ORANI,3923,province,PH,,
270062,,TENEJERO,ORANI,3924,province,PH,,
270063,,TENEJERO,ORANI,3925,province,PH,,
270064,,TENEJERO,ORANI,3926,province,PH,,
270065,,TENEJERO,ORANI,3927,province,PH,,
270066,,TENEJERO,ORANI,3928,province,PH,,
270067,,TENEJERO,ORANI,3929,province,PH,,
270068,,TENEJERO,ORANI,3930,province,PH,,
270069,,TENEJERO,ORANI,3931,province,PH,,
270070,,TENEJERO,ORANI,3932,province,PH,,
270071,,TENEJERO,ORANI,3933,province,PH,,
270072,,TENEJERO,ORANI,3934,province,PH,,
270073,,TENEJERO,ORANI,3935,province,PH,,
270074,,TENEJERO,ORANI,3936,province,PH,,
270075,,TENEJERO,ORANI,3937,province,PH,,
270076,,TENEJERO,ORANI,3938,province,PH,,
270077,,TENEJERO,ORANI,3939,province,PH,,
270078,,TENEJERO,ORANI,3940,province,PH,,
270079,,TENEJERO,ORANI,3941,province,PH,,
270080,,TENEJERO,ORANI,3942,province,PH,,
270081,,TENEJERO,ORANI,3943,province,PH,,
270082,,TENEJERO,ORANI,3944,province,PH,,
270083,,TENEJERO,ORANI,3945,province,PH,,
270084,,TENEJERO,ORANI,3946,province,PH,,
270085,,TENEJERO,ORANI,3947,province,PH,,
270086,,TENEJERO,ORANI,3948,province,PH,,
270087,,TENEJERO,ORANI,3949,province,PH,,
270088,,TENEJERO,ORANI,3950,province,PH,,
270089,,TENEJERO,ORANI,3951,province,PH,,
270090,,TENEJERO,ORANI,3952,province,PH,,
270091,,TENEJERO,ORANI,3953,province,PH,,
270092,,TENEJERO,ORANI,3954,province,PH,,
270093,,TENEJERO,ORANI,3955,province,PH,,
270094,,TENEJERO,ORANI,3956,province,PH,,
270095,,TENEJERO,ORANI,3957,province,PH,,
270096,,TENEJERO,ORANI,3958,province,PH,,
270097,,TENEJERO,ORANI,3959,province,PH,,
270098,,TENEJERO,ORANI,3960,province,PH,,
270099,,TENEJERO,ORANI,3961,province,PH,,
270100,,TENEJERO,ORANI,3962,province,PH,,
270101,,TENEJERO,ORANI,3963,province,PH,,
270102,,TENEJERO,ORANI,3964,province,PH,,
270103,,TENEJERO,ORANI,3965,province,PH,,
270104,,TENEJERO,ORANI,3966,province,PH,,
270105,,TENEJERO,ORANI,3967,province,PH,,
270106,,TENEJERO,ORANI,3968,province,PH,,
270107,,TENEJERO,ORANI,3969,province,PH,,
270108,,TENEJERO,ORANI,3970,province,PH,,
270109,,TENEJERO,ORANI,3971,province,PH,,
270110,,TENEJERO,ORANI,3972,province,PH,,
270111,,TENEJERO,ORANI,3973,province,PH,,
270112,,TENEJERO,ORANI,3974,province,PH,,
270113,,TENEJERO,ORANI,3975,province,PH,,
270114,,TENEJERO,ORANI,3976,province,PH,,
270115,,TENEJERO,ORANI,3977,province,PH,,
270116,,TENEJERO,ORANI,3978,province,PH,,
270117,,TENEJERO,ORANI,3979,province,PH,,
270118,,TENEJERO,ORANI,3980,province,PH,,
270119,,TENEJERO,ORANI,3981,province,PH,,
270120,,TENEJERO,ORANI,3982,province,PH,,
270121,,TENEJERO,ORANI,3983,province,PH,,
270122,,TENEJERO,ORANI,3984,province,PH,,
270123,,TENEJERO,ORANI,3985,province,PH,,
190001,,PARANG PARANG,ORANI,3986,province,PH,,
190002,,PARANG PARANG,ORANI,3987,province,PH,,
190003,,PARANG PARANG,ORANI,3988,province,PH,,
190004,,PARANG PARANG,ORANI,3989,province,PH,,
190005,,PARANG PARANG,ORANI,3990,province,PH,,
190006,,PARANG PARANG,ORANI,3991,province,PH,,
190007,,PARANG PARANG,ORANI,3992,province,PH,,
190008,,PARANG PARANG,ORANI,3993,province,PH,,
190009,,PARANG PARANG,ORANI,3994,province,PH,,
190010,,PARANG PARANG,ORANI,3995,province,PH,,
190011,,PARANG PARANG,ORANI,3996,province,PH,,
190012,,PARANG PARANG,ORANI,3997,province,PH,,
190013,,PARANG PARANG,ORANI,3998,province,PH,,
190014,,PARANG PARANG,ORANI,3999,province,PH,,
190015,,PARANG PARANG,ORANI,4000,province,PH,,
190016,,PARANG PARANG,ORANI,4001,province,PH,,
190017,,PARANG PARANG,ORANI,4002,province,PH,,
190018,,PARANG PARANG,ORANI,4003,province,PH,,
190019,,PARANG PARANG,ORANI,4004,province,PH,,
190020,,PARANG PARANG,ORANI,4005,province,PH,,
190021,,PARANG PARANG,ORANI,4006,province,PH,,
190022,,PARANG PARANG,ORANI,4007,province,PH,,
190023,,PARANG PARANG,ORANI,4008,province,PH,,
190024,,PARANG PARANG,ORANI,4009,province,PH,,
190025,,PARANG PARANG,ORANI,4010,province,PH,,
190026,,PARANG PARANG,ORANI,4011,province,PH,,
190027,,PARANG PARANG,ORANI,4012,province,PH,,
190028,,PARANG PARANG,ORANI,4013,province,PH,,
190029,,PARANG PARANG,ORANI,4014,province,PH,,
190030,,PARANG PARANG,ORANI,4015,province,PH,,
190031,,PARANG PARANG,ORANI,4016,province,PH,,
190032,,PARANG PARANG,ORANI,4017,province,PH,,
190033,,PARANG PARANG,ORANI,4018,province,PH,,
190034,,PARANG PARANG,ORANI,4019,province,PH,,
190035,,PARANG PARANG,ORANI,4020,province,PH,,
190036,,PARANG PARANG,ORANI,4021,province,PH,,
190037,,PARANG PARANG,ORANI,4022,province,PH,,
190038,,PARANG PARANG,ORANI,4023,province,PH,,
190039,,PARANG PARANG,ORANI,4024,province,PH,,
190040,,PARANG PARANG,ORANI,4025,province,PH,,
190041,,PARANG PARANG,ORANI,4026,province,PH,,
190042,,PARANG PARANG,ORANI,4027,province,PH,,
190043,,PARANG PARANG,ORANI,4028,province,PH,,
190044,,PARANG PARANG,ORANI,4029,province,PH,,
190045,,PARANG PARANG,ORANI,4030,province,PH,,
190046,,PARANG PARANG,ORANI,4031,province,PH,,
190047,,PARANG PARANG,ORANI,4032,province,PH,,
190048,,PARANG PARANG,ORANI,4033,province,PH,,
190049,,PARANG PARANG,ORANI,4034,province,PH,,
190050,,PARANG PARANG,ORANI,4035,province,PH,,
190051,,PARANG PARANG,ORANI,4036,province,PH,,
190052,,PARANG PARANG,ORANI,4037,province,PH,,
190053,,PARANG PARANG,ORANI,4038,province,PH,,
190054,,PARANG PARANG,ORANI,4039,province,PH,,
190055,,PARANG PARANG,ORANI,4040,province,PH,,
190056,,PARANG PARANG,ORANI,4041,province,PH,,
190057,,PARANG PARANG,ORANI,4042,province,PH,,
190058,,PARANG PARANG,ORANI,4043,province,PH,,
190059,,PARANG PARANG,ORANI,4044,province,PH,,
190060,,PARANG PARANG,ORANI,4045,province,PH,,
190061,,PARANG PARANG,ORANI,4046,province,PH,,
190062,,PARANG PARANG,ORANI,4047,province,PH,,
190063,,PARANG PARANG,ORANI,4048,province,PH,,
190064,,PARANG PARANG,ORANI,4049,province,PH,,
190065,,PARANG PARANG,ORANI,4050,province,PH,,
190066,,PARANG PARANG,ORANI,4051,province,PH,,
190067,,PARANG PARANG,ORANI,4052,province,PH,,
190068,,PARANG PARANG,ORANI,4053,province,PH,,
190069,,PARANG PARANG,ORANI,4054,province,PH,,
190070,,PARANG PARANG,ORANI,4055,province,PH,,
190071,,PARANG PARANG,ORANI,4056,province,PH,,
190072,,PARANG PARANG,ORANI,4057,province,PH,,
190073,,PARANG PARANG,ORANI,4058,province,PH,,
190074,,PARANG PARANG,ORANI,4059,province,PH,,
190075,,PARANG PARANG,ORANI,4060,province,PH,,
190076,,PARANG PARANG,ORANI,4061,province,PH,,
190077,,PARANG PARANG,ORANI,4062,province,PH,,
190078,,PARANG PARANG,ORANI,4063,province,PH,,
90001,,KABALUTAN,ORANI,4064,province,PH,,
90002,,KABALUTAN,ORANI,4065,province,PH,,
90003,,KABALUTAN,ORANI,4066,province,PH,,
90004,,KABALUTAN,ORANI,4067,province,PH,,
90005,,KABALUTAN,ORANI,4068,province,PH,,
90006,,KABALUTAN,ORANI,4069,province,PH,,
90007,,KABALUTAN,ORANI,4070,province,PH,,
90008,,KABALUTAN,ORANI,4071,province,PH,,
90009,,KABALUTAN,ORANI,4072,province,PH,,
90010,,KABALUTAN,ORANI,4073,province,PH,,
90011,,KABALUTAN,ORANI,4074,province,PH,,
90012,,KABALUTAN,ORANI,4075,province,PH,,
90013,,KABALUTAN,ORANI,4076,province,PH,,
90014,,KABALUTAN,ORANI,4077,province,PH,,
90015,,KABALUTAN,ORANI,4078,province,PH,,
90016,,KABALUTAN,ORANI,4079,province,PH,,
90017,,KABALUTAN,ORANI,4080,province,PH,,
90018,,KABALUTAN,ORANI,4081,province,PH,,
